"Var1","Var2","value"
"장항선","조희봉",1
"황정민-1","조희봉",1
"김원해","조희봉",1
"이범수","조희봉",1
"천호진","조희봉",1
"김수로","조희봉",1
"성동일","조희봉",1
"이경영","조희봉",1
"윤진서","조희봉",1
"김응수","조희봉",1
"박철민","조희봉",1
"정경호-1","조희봉",1
"오달수","조희봉",1
"유승목","조희봉",1
"김수현","조희봉",1
"신정근","조희봉",1
"우현","조희봉",1
"정성화","조희봉",1
"정인기","조희봉",1
"오정세","조희봉",1
"이도경","조희봉",1
"엄정화","조희봉",1
"염정아","조희봉",1
"안내상","조희봉",1
"임현식","조희봉",1
"류승수","조희봉",1
"주현","조희봉",1
"오광록","조희봉",1
"조희봉","장항선",1
"김해숙","장항선",1
"김수로","장항선",1
"이정헌","장항선",1
"조덕현","장항선",1
"김기천","장항선",1
"황석정","장항선",1
"허준호","장항선",1
"유해진","장항선",1
"이경영","이다윗",1
"박해준","이다윗",1
"박희순","이다윗",1
"박해일","이다윗",1
"류승룡","이다윗",1
"고수","이다윗",1
"이승준","이은우",1
"신민아","이은우",1
"박해일","이은우",1
"김태훈","이은우",1
"한이진","김영선",1
"류승룡","김영선",1
"박종환","강신철",1
"김홍파","강신철",1
"박병은","강신철",1
"하정우","강신철",1
"김재화","강신철",1
"이지훈","강신철",1
"황정민-1","이희준",1
"조우진","이희준",1
"김상호","이희준",1
"김영재","이희준",1
"유승목","이희준",1
"김민재","이희준",1
"김민희","이희준",1
"이영진","이희준",1
"마동석","이희준",1
"유해진","이희준",1
"정인기","이희준",1
"김윤석","이희준",1
"이성민","이희준",1
"한예리","이희준",1
"민성욱","이희준",1
"정만식","이희준",1
"기주봉","이희준",1
"이선균","이희준",1
"안지혜","최귀화",1
"김의성","최귀화",1
"김영민","최귀화",1
"류준열","최귀화",1
"권태원","최귀화",1
"김민재","최귀화",1
"마동석","최귀화",1
"최무성","최귀화",1
"라미란","최귀화",1
"조희봉","황정민-1",1
"이희준","황정민-1",1
"강신일","황정민-1",1
"배성우","황정민-1",1
"김원해","황정민-1",1
"천호진","황정민-1",1
"류승범","황정민-1",1
"이경영","황정민-1",1
"박정민","황정민-1",1
"김상호","황정민-1",1
"주진모-1","황정민-1",1
"정웅인","황정민-1",1
"김응수","황정민-1",1
"오달수","황정민-1",1
"권태원","황정민-1",1
"김홍파","황정민-1",1
"유승목","황정민-1",1
"김민재","황정민-1",1
"김수현","황정민-1",1
"도용구","황정민-1",1
"한기중","황정민-1",1
"김병옥","황정민-1",1
"성지루","황정민-1",1
"마동석","황정민-1",1
"유해진","황정민-1",1
"박성웅","황정민-1",1
"이성민","황정민-1",1
"곽도원","황정민-1",1
"엄정화","황정민-1",1
"성병숙","황정민-1",1
"윤제문","황정민-1",1
"정규수","황정민-1",1
"송영창","황정민-1",1
"박지환","황정민-1",1
"정만식","황정민-1",1
"이대연","황정민-1",1
"김종수","황정민-1",1
"이해영","황정민-1",1
"오광록","황정민-1",1
"이봉규","황정민-1",1
"전배수","황정민-1",1
"라미란","황정민-1",1
"송강호","조영진",1
"천호진","조영진",1
"곽자형","조영진",1
"김성균","조영진",1
"지대한","조영진",1
"신정근","조영진",1
"문소리","조영진",1
"이성민","조영진",1
"정만식","조영진",1
"손병호","조영진",1
"엄태웅","조영진",1
"이무생","조영진",1
"김희원","박보영",1
"김기방","박보영",1
"배성우","정원중",1
"조우진","정원중",1
"김의성","정원중",1
"박광정","정원중",1
"성동일","정원중",1
"정우성","정원중",1
"동방우","정원중",1
"김응수","정원중",1
"권병길","정원중",1
"오달수","정원중",1
"곽도원","정원중",1
"박영서","정원중",1
"송영창","정원중",1
"신은경","전미선",1
"이범수","전미선",1
"변희봉","전미선",1
"방은희","이일재",1
"신현준","이일재",1
"이해룡","이일재",1
"김해곤","이일재",1
"박철민","유승호",1
"고창석","유승호",1
"박충선","유승호",1
"문성근","유순철",1
"안성기","유순철",1
"조재현","유순철",1
"정우성","유순철",1
"김일우","유순철",1
"민경진","유순철",1
"허준호","유순철",1
"이용녀","유순철",1
"강예원","유순철",1
"서영희","유순철",1
"김일우","김선화",1
"김인문","김선화",1
"류승수","김선화",1
"조우진","김소진",1
"이경영","김소진",1
"정우성","김소진",1
"김대명","김소진",1
"박철민","김소진",1
"김민재","김소진",1
"문성근","공호석",1
"신하균","공호석",1
"주진모-1","공호석",1
"조덕현","공호석",1
"정재영","공호석",1
"이철민","공호석",1
"임원희","공호석",1
"고창석","공호석",1
"장영남","공호석",1
"정규수","공호석",1
"류승룡","공호석",1
"이해영","공호석",1
"이한위","공호석",1
"양익준","김꽃비",1
"김재록","김꽃비",1
"길해연","김꽃비",1
"장항선","김해숙",1
"김래원","김해숙",1
"김혜수","김해숙",1
"송강호","김해숙",1
"이정재","김해숙",1
"전지현","김해숙",1
"이동휘","김해숙",1
"지대한","김해숙",1
"오달수","김해숙",1
"김병옥","김해숙",1
"김정태","김해숙",1
"김윤석","김해숙",1
"이용녀","김해숙",1
"예수정","김해숙",1
"전혜진","김해숙",1
"최덕문","김해숙",1
"유아인","김해숙",1
"김수로","이칸희",1
"윤진서","이칸희",1
"이병준","이칸희",1
"강신일","문정희",1
"엄지성","문정희",1
"강성진","문정희",1
"김영애","문정희",1
"김수로","문정희",1
"이성재","문정희",1
"주진모-1","문정희",1
"김수안","문정희",1
"조덕현","문정희",1
"김세동","문정희",1
"정인기","문정희",1
"김윤석","문정희",1
"이성민","문정희",1
"조한철","문정희",1
"송영창","문정희",1
"송새벽","문정희",1
"박중훈","김병춘",1
"김기천","김병춘",1
"유연석","천우희",1
"김수안","천우희",1
"한이진","천우희",1
"박수영","천우희",1
"김정영","천우희",1
"이미도","천우희",1
"고아성","천우희",1
"한효주","천우희",1
"권상우","박효준",1
"송윤아","이기우",1
"정우","이기우",1
"임수정","이기우",1
"엄상현","남도형",1
"양정화","남도형",1
"홍범기","남도형",1
"신용우","남도형",1
"강신일","설경구",1
"강성진","설경구",1
"김인권","설경구",1
"문성근","설경구",1
"송윤아","설경구",1
"송재호","설경구",1
"안성기","설경구",1
"한영수","설경구",1
"김지영","설경구",1
"이정헌","설경구",1
"이경영","설경구",1
"정우성","설경구",1
"서태화","설경구",1
"손영순","설경구",1
"공형진","설경구",1
"박철민","설경구",1
"지대한","설경구",1
"오달수","설경구",1
"권태원","설경구",1
"박길수","설경구",1
"황석정","설경구",1
"정재영","설경구",1
"도용구","설경구",1
"민경진","설경구",1
"허준호","설경구",1
"문소리","설경구",1
"성지루","설경구",1
"고창석","설경구",1
"유해진","설경구",1
"정인기","설경구",1
"박명신","설경구",1
"이문식","설경구",1
"윤제문","설경구",1
"전혜진","설경구",1
"박상욱","설경구",1
"김남길","설경구",1
"안내상","설경구",1
"손병호","설경구",1
"엄태웅","설경구",1
"전배수","설경구",1
"라미란","설경구",1
"박보영","김희원",1
"임창정","김희원",1
"장동건","김희원",1
"이경영","김희원",1
"권해효","김희원",1
"주진모-1","김희원",1
"김응수","김희원",1
"김민재","김희원",1
"이용이","김희원",1
"엄지원","김희원",1
"이지훈","김희원",1
"라미란","김희원",1
"황정민-1","강신일",1
"문정희","강신일",1
"설경구","강신일",1
"강성진","강신일",1
"김래원","강신일",1
"문성근","강신일",1
"안성기","강신일",1
"정준호","강신일",1
"이경영","강신일",1
"김상호","강신일",1
"유준상","강신일",1
"주진모-1","강신일",1
"정웅인","강신일",1
"조덕현","강신일",1
"강혜정","강신일",1
"오달수","강신일",1
"유승목","강신일",1
"김세동","강신일",1
"정재영","강신일",1
"이철민","강신일",1
"원웅재","강신일",1
"김정팔","강신일",1
"허준호","강신일",1
"성지루","강신일",1
"유선","강신일",1
"유해진","강신일",1
"정인기","강신일",1
"이성민","강신일",1
"이문식","강신일",1
"윤제문","강신일",1
"조한철","강신일",1
"정규수","강신일",1
"송영창","강신일",1
"김정학","강신일",1
"박해일","강신일",1
"이대연","강신일",1
"김남길","강신일",1
"박진우","강신일",1
"엄태웅","강신일",1
"전배수","강신일",1
"엄지성","박사랑",1
"주진모-1","박사랑",1
"박근형","박사랑",1
"김재록","박사랑",1
"고규필","박사랑",1
"이도경","박사랑",1
"엄정화","박사랑",1
"정규수","박사랑",1
"이승준","권율",1
"허준석","권율",1
"조진웅","권율",1
"마동석","권율",1
"한예리","권율",1
"김영애","손종학",1
"천호진","손종학",1
"강동원","손종학",1
"허준석","손종학",1
"주진모-1","손종학",1
"박소담","손종학",1
"김종구","손종학",1
"김병옥","손종학",1
"조달환","손종학",1
"박진우","손종학",1
"황정민-1","배성우",1
"정원중","배성우",1
"엄태구","배성우",1
"조우진","배성우",1
"유연석","배성우",1
"이엘","배성우",1
"김의성","배성우",1
"한석규","배성우",1
"이병헌","배성우",1
"성동일","배성우",1
"이경영","배성우",1
"정우성","배성우",1
"허준석","배성우",1
"백윤식","배성우",1
"박정민","배성우",1
"김상호","배성우",1
"김대명","배성우",1
"손영순","배성우",1
"주진모-1","배성우",1
"조정석","배성우",1
"허성태","배성우",1
"박신혜","배성우",1
"이동휘","배성우",1
"박소담","배성우",1
"류준열","배성우",1
"유하준","배성우",1
"류태호","배성우",1
"차태현","배성우",1
"김보연","배성우",1
"진경","배성우",1
"오달수","배성우",1
"김홍파","배성우",1
"김민재","배성우",1
"정재영","배성우",1
"김경애","배성우",1
"김종구","배성우",1
"김병옥","배성우",1
"조승우","배성우",1
"조재윤","배성우",1
"이준혁","배성우",1
"유해진","배성우",1
"박성웅","배성우",1
"윤다경","배성우",1
"박혁권","배성우",1
"오대환","배성우",1
"박병은","배성우",1
"예수정","배성우",1
"장광","배성우",1
"송영창","배성우",1
"남일우","배성우",1
"고아성","배성우",1
"정만식","배성우",1
"조달환","배성우",1
"박진우","배성우",1
"한수연","배성우",1
"류현경","배성우",1
"라미란","배성우",1
"고수","배성우",1
"배성우","엄태구",1
"박종환","엄태구",1
"송강호","엄태구",1
"권해효","엄태구",1
"유해진","엄태구",1
"박혁권","엄태구",1
"길해연","엄태구",1
"곽인준","엄태구",1
"장광","엄태구",1
"박혜진","장유",1
"김기천","장유",1
"전국환","장유",1
"윤다경","장유",1
"조석현","장유",1
"정유미","장유",1
"조우진","진선규",1
"이경영","진선규",1
"허성태","진선규",1
"문소리","진선규",1
"김윤석","진선규",1
"박병은","진선규",1
"김태우","서영화",1
"문성근","서영화",1
"안재홍","서영화",1
"유준상","서영화",1
"조덕제","서영화",1
"정재영","서영화",1
"김민희","서영화",1
"이준혁","서영화",1
"신동미","서영화",1
"윤여정","서영화",1
"기주봉","서영화",1
"정유미","서영화",1
"전국환","배호근",1
"정인기","배호근",1
"문정희","엄지성",1
"박사랑","엄지성",1
"최진호","엄지성",1
"김원해","엄지성",1
"주진모-1","엄지성",1
"전국환","엄지성",1
"민경진","엄지성",1
"김재록","엄지성",1
"고규필","엄지성",1
"마동석","엄지성",1
"장영남","엄지성",1
"조한철","엄지성",1
"손현주","엄지성",1
"정석용","엄지성",1
"한수연","이환",1
"이경영","김무열",1
"박희순","김무열",1
"박해일","김무열",1
"정우","강하늘",1
"이승준","조하석",1
"김구택","조하석",1
"박노식","조하석",1
"이재구","조하석",1
"문영동","조하석",1
"류승룡","조하석",1
"장유","박혜진",1
"나문희","박혜진",1
"정유미","박혜진",1
"엄지성","최진호",1
"지대한","최진호",1
"최병모","최진호",1
"예수정","최진호",1
"심형래","서평석",1
"이해룡","서평석",1
"유성","서평석",1
"윤일주","서평석",1
"오희찬","서평석",1
"주상호","서평석",1
"이인옥","서평석",1
"김경란","서평석",1
"박부양","서평석",1
"남정희","서평석",1
"나갑성","서평석",1
"장정국","서평석",1
"정영국","서평석",1
"조주미","서평석",1
"한명구","서평석",1
"박예숙","서평석",1
"박용팔","서평석",1
"남포동","서평석",1
"문미봉","서평석",1
"김갑수","김명곤",1
"안성기","김명곤",1
"이해룡","김명곤",1
"김일우","김명곤",1
"최종원","김명곤",1
"최동준","김명곤",1
"이혜영","김명곤",1
"이준혁","이설구",1
"오성태","이설구",1
"라미란","이설구",1
"김기방","황우슬혜",1
"이희준","조우진",1
"정원중","조우진",1
"김소진","조우진",1
"배성우","조우진",1
"진선규","조우진",1
"이엘","조우진",1
"김의성","조우진",1
"이병헌","조우진",1
"장동건","조우진",1
"성동일","조우진",1
"이경영","조우진",1
"정우성","조우진",1
"백윤식","조우진",1
"김대명","조우진",1
"허성태","조우진",1
"이동휘","조우진",1
"류준열","조우진",1
"김홍파","조우진",1
"박희순","조우진",1
"김병옥","조우진",1
"조승우","조우진",1
"조재윤","조우진",1
"유해진","조우진",1
"김윤석","조우진",1
"이성민","조우진",1
"엄정화","조우진",1
"오대환","조우진",1
"송영창","조우진",1
"유재명","조우진",1
"남일우","조우진",1
"정만식","조우진",1
"김종수","조우진",1
"박진우","조우진",1
"서태화","이승연",1
"박희본","이승연",1
"성유빈","이제훈",1
"김기천","이제훈",1
"조진웅","이제훈",1
"이준혁","이제훈",1
"정인기","이제훈",1
"곽도원","이제훈",1
"박병은","이제훈",1
"김태훈","이제훈",1
"류승룡","이광수",1
"천우희","유연석",1
"배성우","유연석",1
"이경영","유연석",1
"박신혜","유연석",1
"김수안","유연석",1
"장영남","유연석",1
"한효주","유연석",1
"조달환","유연석",1
"류현경","유연석",1
"이경영","강진아",1
"오창경","강진아",1
"정영기","강진아",1
"박명신","이주승",1
"정영기","이주승",1
"이은우","이승준",1
"권율","이승준",1
"조하석","이승준",1
"이경영","이승준",1
"김구택","이승준",1
"김강우","이승준",1
"조복래","이승준",1
"김수안","이승준",1
"박노식","이승준",1
"한이진","이승준",1
"박수영","이승준",1
"박길수","이승준",1
"이재구","이승준",1
"조진웅","이승준",1
"문영동","이승준",1
"박해일","이승준",1
"류승룡","이승준",1
"김태훈","이승준",1
"이해영","이승준",1
"류현경","이승준",1
"전배수","이승준",1
"민복기","소비아",1
"신성하","소비아",1
"강신철","박종환",1
"엄태구","박종환",1
"강동원","박종환",1
"김홍파","박종환",1
"박병은","박종환",1
"김원해","이하늬",1
"이동휘","이하늬",1
"류준열","이하늬",1
"전국환","이하늬",1
"오정세","이하늬",1
"조한철","이하늬",1
"심은경","이하늬",1
"송영창","이하늬",1
"배성우","이엘",1
"조우진","이엘",1
"김의성","이엘",1
"이병헌","이엘",1
"차승원","이엘",1
"이경영","이엘",1
"백윤식","이엘",1
"김대명","이엘",1
"김홍파","이엘",1
"이철민","이엘",1
"이재구","이엘",1
"김병옥","이엘",1
"조승우","이엘",1
"조재윤","이엘",1
"오정세","이엘",1
"남일우","이엘",1
"정만식","이엘",1
"박진우","이엘",1
"김희라","강리나",1
"민복기","강리나",1
"안진수","강리나",1
"최명호","강리나",1
"송금식","강리나",1
"이무정","강리나",1
"임하룡","김새론",1
"장영남","김새론",1
"이경영","하유미",1
"문정희","강성진",1
"설경구","강성진",1
"강신일","강성진",1
"최진영","강성진",1
"안성기","강성진",1
"유지태","강성진",1
"차승원","강성진",1
"김수로","강성진",1
"박상면","강성진",1
"이정헌","강성진",1
"이성재","강성진",1
"동방우","강성진",1
"이요원","강성진",1
"원웅재","강성진",1
"유해진","강성진",1
"이문식","강성진",1
"정규수","강성진",1
"박영규","강성진",1
"엄태웅","강성진",1
"문성근","강수연",1
"안성기","강수연",1
"이경영","강수연",1
"조주미","강수연",1
"이범수","고소영",1
"정우성","고소영",1
"조희봉","김원해",1
"황정민-1","김원해",1
"엄지성","김원해",1
"이하늬","김원해",1
"김인권","김원해",1
"하지원","김원해",1
"이경영","김원해",1
"주진모-1","김원해",1
"김응수","김원해",1
"박철민","김원해",1
"이주실","김원해",1
"김병옥","김원해",1
"정성화","김원해",1
"이준혁","김원해",1
"유해진","김원해",1
"오정세","김원해",1
"이성민","김원해",1
"곽도원","김원해",1
"정우","김원해",1
"성병숙","김원해",1
"정규수","김원해",1
"심은경","김원해",1
"류승룡","김원해",1
"김종수","김원해",1
"이해영","김원해",1
"전배수","김원해",1
"김명곤","김갑수",1
"이호재","김갑수",1
"안석환","김갑수",1
"정우성","김갑수",1
"이윤건","김갑수",1
"정경순","김갑수",1
"윤주상","김갑수",1
"최귀화","안지혜",1
"류승범","안지혜",1
"김영민","안지혜",1
"양은용","안지혜",1
"김해숙","김래원",1
"강신일","김래원",1
"정웅인","김래원",1
"지대한","김래원",1
"김병옥","김래원",1
"김정태","김래원",1
"전배수","김래원",1
"박광정","김민종",1
"이경영","김민종",1
"신철진","김민종",1
"조주미","김민종",1
"독고영재","김민종",1
"권용운","김민종",1
"예지원","김상중",1
"정준호","김상중",1
"정운택","김상중",1
"정웅인","김상중",1
"이한위","김상중",1
"신현준","김수미",1
"임창정","김수미",1
"공형진","김수미",1
"오달수","김수미",1
"김해곤","김수미",1
"임형준","김수미",1
"정만식","김수미",1
"신이","김수미",1
"문성근","김승우",1
"박중훈","김승우",1
"차승원","김승우",1
"양택조","김승우",1
"동방우","김승우",1
"문정희","김영애",1
"손종학","김영애",1
"성동일","김영애",1
"이경영","김영애",1
"조선묵","김영애",1
"주진모-1","김영애",1
"김성균","김영애",1
"김인문","김영애",1
"박수영","김영애",1
"김종구","김영애",1
"조진웅","김영애",1
"장광","김영애",1
"송영창","김영애",1
"공형진","김용건",1
"문미봉","김용건",1
"윤지혜","김유석",1
"조덕현","김윤진",1
"장영남","김윤진",1
"윤주상","김윤진",1
"최귀화","김의성",1
"정원중","김의성",1
"배성우","김의성",1
"조우진","김의성",1
"이엘","김의성",1
"문성근","김의성",1
"신하균","김의성",1
"이병헌","김의성",1
"이정재","김의성",1
"강동원","김의성",1
"이경영","김의성",1
"정우성","김의성",1
"윤동환","김의성",1
"백윤식","김의성",1
"박정민","김의성",1
"박원상","김의성",1
"김대명","김의성",1
"유준상","김의성",1
"권해효","김의성",1
"조정석","김의성",1
"김성균","김의성",1
"조복래","김의성",1
"이윤건","김의성",1
"류태호","김의성",1
"윤계상","김의성",1
"김홍파","김의성",1
"김민재","김의성",1
"박희순","김의성",1
"백현진","김의성",1
"김병옥","김의성",1
"조승우","김의성",1
"조재윤","김의성",1
"유해진","김의성",1
"박성웅","김의성",1
"김윤석","김의성",1
"한철우","김의성",1
"오대환","김의성",1
"박병은","김의성",1
"정규수","김의성",1
"하정우","김의성",1
"남일우","김의성",1
"고아성","김의성",1
"정만식","김의성",1
"김종수","김의성",1
"기주봉","김의성",1
"박진우","김의성",1
"공유","김의성",1
"한수연","김의성",1
"정석용","김의성",1
"설경구","김인권",1
"김원해","김인권",1
"송재호","김인권",1
"안성기","김인권",1
"이범수","김인권",1
"장동건","김인권",1
"차승원","김인권",1
"하지원","김인권",1
"권현상","김인권",1
"이경영","김인권",1
"공형진","김인권",1
"박철민","김인권",1
"지대한","김인권",1
"유승목","김인권",1
"이주실","김인권",1
"전국환","김인권",1
"이종혁","김인권",1
"최재환","김인권",1
"권상우","김인권",1
"성지루","김인권",1
"박효주","김인권",1
"정인기","김인권",1
"오정세","김인권",1
"정우","김인권",1
"이도경","김인권",1
"성병숙","김인권",1
"윤제문","김인권",1
"정규수","김인권",1
"이민기","김인권",1
"강예원","김인권",1
"류승룡","김인권",1
"전배수","김인권",1
"서영화","김태우",1
"이병헌","김태우",1
"전도연","김태우",1
"이경영","김태우",1
"유준상","김태우",1
"예수정","김태우",1
"이대연","김태우",1
"이천희","김하늘",1
"권상우","김하늘",1
"장영남","김하늘",1
"김해숙","김혜수",1
"한석규","김혜수",1
"송강호","김혜수",1
"안성기","김혜수",1
"이정재","김혜수",1
"전지현","김혜수",1
"천호진","김혜수",1
"백윤식","김혜수",1
"주진모-1","김혜수",1
"최종원","김혜수",1
"오달수","김혜수",1
"조주미","김혜수",1
"조상건","김혜수",1
"유해진","김혜수",1
"김윤석","김혜수",1
"조형기","김혜수",1
"송영창","김혜수",1
"최덕문","김혜수",1
"유순철","문성근",1
"공호석","문성근",1
"설경구","문성근",1
"강신일","문성근",1
"서영화","문성근",1
"강수연","문성근",1
"김승우","문성근",1
"김의성","문성근",1
"심혜진","문성근",1
"안성기","문성근",1
"안석환","문성근",1
"박광정","문성근",1
"양택조","문성근",1
"이경영","문성근",1
"박원상","문성근",1
"오지혜","문성근",1
"동방우","문성근",1
"이두일","문성근",1
"박지아","문성근",1
"권해효","문성근",1
"손영순","문성근",1
"김일우","문성근",1
"권태원","문성근",1
"이인옥","문성근",1
"김경란","문성근",1
"조학자","문성근",1
"박길수","문성근",1
"박부양","문성근",1
"정재영","문성근",1
"나갑성","문성근",1
"민경진","문성근",1
"허준호","문성근",1
"독고영재","문성근",1
"송선미","문성근",1
"김준배","문성근",1
"박명신","문성근",1
"이기영","문성근",1
"최덕문","문성근",1
"박용팔","문성근",1
"정유미","문성근",1
"홍석연","문성근",1
"문미봉","문성근",1
"전지현","박신양",1
"최진실","박신양",1
"박원상","박신양",1
"이문식","박신양",1
"류승수","박신양",1
"성동일","박용우",1
"김구택","박용우",1
"김응수","박용우",1
"유해진","박용우",1
"오정세","박용우",1
"엄정화","박용우",1
"정규수","박용우",1
"박충선","박용우",1
"성동일","박인환",1
"양택조","박인환",1
"이경영","박인환",1
"최주봉","박인환",1
"김병춘","박중훈",1
"김승우","박중훈",1
"안성기","박중훈",1
"김지영","박중훈",1
"김보성","박중훈",1
"양택조","박중훈",1
"이경영","박중훈",1
"동방우","박중훈",1
"김일우","박중훈",1
"최종원","박중훈",1
"권병길","박중훈",1
"이석구","박중훈",1
"도용구","박중훈",1
"국정환","박중훈",1
"민경진","박중훈",1
"조주미","박중훈",1
"정우혁","박중훈",1
"윤문식","박중훈",1
"박예숙","박중훈",1
"기주봉","박중훈",1
"남포동","박중훈",1
"안내상","박중훈",1
"한수연","박중훈",1
"배성우","한석규",1
"김혜수","한석규",1
"송강호","한석규",1
"심혜진","한석규",1
"이경영","한석규",1
"오지혜","한석규",1
"손영순","한석규",1
"오달수","한석규",1
"이병준","한석규",1
"이재구","한석규",1
"정인기","한석규",1
"이한위","한석규",1
"고수","한석규",1
"이일재","방은희",1
"전무송","방은희",1
"양택조","방은희",1
"민경진","방은희",1
"이성훈","방은희",1
"독고영재","방은희",1
"김형자","방은희",1
"홍석연","방은희",1
"송강호","배두나",1
"오달수","배두나",1
"고수희","배두나",1
"윤지혜","배두나",1
"김뢰하","배두나",1
"변희봉","배두나",1
"정보석","배종옥",1
"송옥숙","배종옥",1
"김경란","배종옥",1
"장정국","배종옥",1
"류덕환","배종옥",1
"박용팔","배종옥",1
"서영희","배종옥",1
"문미봉","배종옥",1
"강성진","최진영",1
"김보성","최진영",1
"장인섭","서현우",1
"김병철","서현우",1
"조진웅","서현우",1
"유해진","서현우",1
"김옥빈","서현우",1
"조영진","송강호",1
"김해숙","송강호",1
"엄태구","송강호",1
"김혜수","송강호",1
"한석규","송강호",1
"배두나","송강호",1
"신하균","송강호",1
"이병헌","송강호",1
"김수로","송강호",1
"동방우","송강호",1
"조정석","송강호",1
"박노식","송강호",1
"오달수","송강호",1
"이성민","송강호",1
"박혁권","송강호",1
"윤제문","송강호",1
"정규수","송강호",1
"송영창","송강호",1
"박해일","송강호",1
"고아성","송강호",1
"윤주상","송강호",1
"이대연","송강호",1
"최덕문","송강호",1
"기주봉","송강호",1
"김뢰하","송강호",1
"손병호","송강호",1
"류승수","송강호",1
"변희봉","송강호",1
"권상우","송승헌",1
"유해진","송승헌",1
"정우","송승헌",1
"정규수","송승헌",1
"이기우","송윤아",1
"설경구","송윤아",1
"차승원","송윤아",1
"설경구","송재호",1
"김인권","송재호",1
"안성기","송재호",1
"김지영","송재호",1
"하지원","송재호",1
"김응수","송재호",1
"류태호","송재호",1
"권병길","송재호",1
"오달수","송재호",1
"권태원","송재호",1
"이주실","송재호",1
"고창석","송재호",1
"정인기","송재호",1
"윤제문","송재호",1
"이기영","송재호",1
"김상경","송재호",1
"이민기","송재호",1
"강예원","송재호",1
"고서희","송재호",1
"이미연","강신성일",1
"윤일봉","강신성일",1
"양택조","강신성일",1
"독고영재","강신성일",1
"임옥경","강신성일",1
"전미선","신은경",1
"공형진","신은경",1
"김인문","신은경",1
"안진수","신은경",1
"조학자","신은경",1
"윤주상","신은경",1
"안병경","신은경",1
"공호석","신하균",1
"김의성","신하균",1
"송강호","신하균",1
"류승범","신하균",1
"이재용","신하균",1
"조덕현","신하균",1
"오달수","신하균",1
"정재영","신하균",1
"이용이","신하균",1
"원웅재","신하균",1
"김병옥","신하균",1
"임원희","신하균",1
"조은지","신하균",1
"이성민","신하균",1
"장영남","신하균",1
"김옥빈","신하균",1
"정규수","신하균",1
"송영창","신하균",1
"류덕환","신하균",1
"손현주","신하균",1
"윤주상","신하균",1
"이대연","신하균",1
"류승룡","신하균",1
"기주봉","신하균",1
"이해영","신하균",1
"황정민-2","신하균",1
"이한위","신하균",1
"정석용","신하균",1
"이일재","신현준",1
"김수미","신현준",1
"안성기","신현준",1
"이호재","신현준",1
"정진영","신현준",1
"안석환","신현준",1
"공형진","신현준",1
"김명국","신현준",1
"박철민","신현준",1
"조원희","신현준",1
"정호빈","신현준",1
"김해곤","신현준",1
"최학락","신현준",1
"임형준","신현준",1
"최동준","신현준",1
"김학철","신현준",1
"김혜옥","신현준",1
"권오중","신현준",1
"서평석","심형래",1
"윤일주","심형래",1
"정봉연","심형래",1
"주상호","심형래",1
"이석구","심형래",1
"박동룡","심형래",1
"박세범","심형래",1
"장동일","심형래",1
"박용팔","심형래",1
"문성근","심혜진",1
"한석규","심혜진",1
"안성기","심혜진",1
"진희경","심혜진",1
"이경영","심혜진",1
"조선묵","심혜진",1
"동방우","심혜진",1
"이두일","심혜진",1
"권태원","심혜진",1
"조학자","심혜진",1
"박부양","심혜진",1
"김성수","심혜진",1
"허준호","심혜진",1
"독고영재","심혜진",1
"박용팔","심혜진",1
"안병경","심혜진",1
"유순철","안성기",1
"설경구","안성기",1
"강신일","안성기",1
"김명곤","안성기",1
"강성진","안성기",1
"강수연","안성기",1
"김인권","안성기",1
"김혜수","안성기",1
"문성근","안성기",1
"박중훈","안성기",1
"송재호","안성기",1
"신현준","안성기",1
"심혜진","안성기",1
"이해룡","안성기",1
"조재현","안성기",1
"하지원","안성기",1
"황신혜","안성기",1
"류승범","안성기",1
"박용수","안성기",1
"김보성","안성기",1
"이경영","안성기",1
"정우성","안성기",1
"이성재","안성기",1
"이얼","안성기",1
"박원상","안성기",1
"동방우","안성기",1
"이두일","안성기",1
"김희라","안성기",1
"사현진","안성기",1
"차인표","안성기",1
"김일우","안성기",1
"박정학","안성기",1
"방은진","안성기",1
"최종원","안성기",1
"권병길","안성기",1
"박철민","안성기",1
"김보연","안성기",1
"권태원","안성기",1
"김기천","안성기",1
"박길수","안성기",1
"정재영","안성기",1
"도용구","안성기",1
"조진웅","안성기",1
"허준호","안성기",1
"독고영재","안성기",1
"정인기","안성기",1
"이도경","안성기",1
"정경순","안성기",1
"최일화","안성기",1
"이용녀","안성기",1
"송영창","안성기",1
"한예리","안성기",1
"김상경","안성기",1
"나문희","안성기",1
"윤문식","안성기",1
"윤주상","안성기",1
"김동수","안성기",1
"박용팔","안성기",1
"김형일","안성기",1
"이한위","안성기",1
"김명수","안성기",1
"정석용","안성기",1
"이일재","이해룡",1
"서평석","이해룡",1
"김명곤","이해룡",1
"안성기","이해룡",1
"정보석","이해룡",1
"양택조","이해룡",1
"조상구","이해룡",1
"김영철","이해룡",1
"주상호","이해룡",1
"전숙","이해룡",1
"정영국","이해룡",1
"박예숙","이해룡",1
"이무정","이해룡",1
"김상중","예지원",1
"유준상","예지원",1
"정경호-1","예지원",1
"정재영","예지원",1
"우현","예지원",1
"백도빈","예지원",1
"김상경","예지원",1
"윤여정","예지원",1
"기주봉","예지원",1
"이선균","예지원",1
"박준규","홍여진",1
"설경구","한영수",1
"이미숙","한영수",1
"공형진","한영수",1
"조원희","한영수",1
"안진수","한영수",1
"오희찬","한영수",1
"김경진","한영수",1
"이무정","한영수",1
"신정근","오지호",1
"송옥숙","유오성",1
"김기천","유오성",1
"심은경","유오성",1
"기주봉","유오성",1
"강성진","유지태",1
"정은표","유지태",1
"하지원","유지태",1
"김수로","유지태",1
"정준","유지태",1
"윤진서","유지태",1
"강혜정","유지태",1
"이주실","유지태",1
"오태경","유지태",1
"김혜나","유지태",1
"최덕문","유지태",1
"강신성일","이미연",1
"이정재","이미연",1
"윤지혜","이미연",1
"이대연","이미연",1
"조희봉","이범수",1
"전미선","이범수",1
"고소영","이범수",1
"김인권","이범수",1
"이정재","이범수",1
"정준호","이범수",1
"이경영","이범수",1
"정우성","이범수",1
"김주혁","이범수",1
"박철민","이범수",1
"조원희","이범수",1
"안길강","이범수",1
"신정근","이범수",1
"우현","이범수",1
"김병옥","이범수",1
"장혁","이범수",1
"권상우","이범수",1
"고창석","이범수",1
"손창민","이범수",1
"김중기","이범수",1
"봉태규","이범수",1
"진용욱","이범수",1
"안내상","이범수",1
"조안","이범수",1
"김뢰하","이범수",1
"이한위","이범수",1
"변희봉","이범수",1
"배성우","이병헌",1
"조우진","이병헌",1
"이엘","이병헌",1
"김의성","이병헌",1
"김태우","이병헌",1
"송강호","이병헌",1
"전도연","이병헌",1
"송옥숙","이병헌",1
"이경영","이병헌",1
"백윤식","이병헌",1
"김대명","이병헌",1
"김일우","이병헌",1
"오달수","이병헌",1
"김홍파","이병헌",1
"최학락","이병헌",1
"문창길","이병헌",1
"김병옥","이병헌",1
"조승우","이병헌",1
"조재윤","이병헌",1
"정선경","이병헌",1
"송영창","이병헌",1
"권용운","이병헌",1
"남일우","이병헌",1
"정만식","이병헌",1
"이대연","이병헌",1
"박진우","이병헌",1
"설경구","김지영",1
"박중훈","김지영",1
"송재호","김지영",1
"강동원","김지영",1
"양택조","김지영",1
"유준상","김지영",1
"이대근","김지영",1
"류덕환","김지영",1
"이한위","김지영",1
"정은표","이재은",1
"김해숙","이정재",1
"김의성","이정재",1
"김혜수","이정재",1
"이미연","이정재",1
"이범수","이정재",1
"전지현","이정재",1
"정준호","이정재",1
"주진모-1","이정재",1
"박철민","이정재",1
"조원희","이정재",1
"오달수","이정재",1
"김홍파","이정재",1
"김병옥","이정재",1
"김윤석","이정재",1
"김윤성","이정재",1
"정규수","이정재",1
"김중기","이정재",1
"최덕문","이정재",1
"진용욱","이정재",1
"동방우","이정현",1
"이해영","이정현",1
"강신성일","윤일봉",1
"진봉진","윤일봉",1
"김갑수","이호재",1
"신현준","이호재",1
"전무송","이호재",1
"차승원","이호재",1
"최민수","이호재",1
"정경순","이호재",1
"정보석","이대로",1
"박진희","이대로",1
"김경란","이대로",1
"나갑성","이대로",1
"국정환","이대로",1
"안병경","이대로",1
"문미봉","이대로",1
"김희원","임창정",1
"김수미","임창정",1
"하지원","임창정",1
"양택조","임창정",1
"이경영","임창정",1
"김인문","임창정",1
"남정희","임창정",1
"우현","임창정",1
"김정팔","임창정",1
"신이","임창정",1
"박용팔","임창정",1
"최성국","임창정",1
"엄지원","임창정",1
"안내상","임창정",1
"서영희","임창정",1
"주현","임창정",1
"김새론","임하룡",1
"조덕현","임하룡",1
"마동석","임하룡",1
"김희원","장동건",1
"조우진","장동건",1
"김인권","장동건",1
"천호진","장동건",1
"이영란","장동건",1
"김정학","장동건",1
"기주봉","장동건",1
"전배수","장동건",1
"동방우","장진영",1
"김태우","전도연",1
"이병헌","전도연",1
"이경영","전도연",1
"김영민","전도연",1
"김광규","전도연",1
"이도경","전도연",1
"김혜옥","전도연",1
"방은희","전무송",1
"이호재","전무송",1
"최민수","전무송",1
"송옥숙","전무송",1
"양택조","전무송",1
"이경영","전무송",1
"박근형","전무송",1
"박철민","전무송",1
"이성훈","전무송",1
"김형자","전무송",1
"김세준","전무송",1
"김해숙","전지현",1
"김혜수","전지현",1
"박신양","전지현",1
"이정재","전지현",1
"이경영","전지현",1
"오달수","전지현",1
"김윤석","전지현",1
"하정우","전지현",1
"최덕문","전지현",1
"배종옥","정보석",1
"이해룡","정보석",1
"이대로","정보석",1
"황신혜","정보석",1
"송옥숙","정보석",1
"최종원","정보석",1
"김경란","정보석",1
"장정국","정보석",1
"정선경","정보석",1
"박용팔","정보석",1
"문미봉","정보석",1
"유지태","정은표",1
"이재은","정은표",1
"박광정","정은표",1
"동방우","정은표",1
"엄춘배","정은표",1
"윤주상","정은표",1
"강신일","정준호",1
"김상중","정준호",1
"이범수","정준호",1
"이정재","정준호",1
"정운택","정준호",1
"정웅인","정준호",1
"박근형","정준호",1
"박철민","정준호",1
"조원희","정준호",1
"김병옥","정준호",1
"정규수","정준호",1
"박상욱","정준호",1
"김중기","정준호",1
"진용욱","정준호",1
"신현준","정진영",1
"이경영","정진영",1
"주진모-1","정진영",1
"김영재","정진영",1
"추귀정","정진영",1
"유승목","정진영",1
"김민재","정진영",1
"신정근","정진영",1
"고창석","정진영",1
"유해진","정진영",1
"이문식","정진영",1
"이원종","정진영",1
"정규수","정진영",1
"송영창","정진영",1
"김중기","정진영",1
"정만식","정진영",1
"윤주상","정진영",1
"기주봉","정진영",1
"류승수","정진영",1
"전배수","정진영",1
"정석용","정진영",1
"유순철","조재현",1
"안성기","조재현",1
"차인표","조재현",1
"김일우","조재현",1
"손민석","조재현",1
"최종원","조재현",1
"정경호-1","조재현",1
"권태원","조재현",1
"주상호","조재현",1
"박부양","조재현",1
"이준혁","조재현",1
"최덕문","조재현",1
"기주봉","조재현",1
"이한위","조재현",1
"라미란","조재현",1
"기주봉","주진모-2",1
"임현식","주진모-2",1
"심혜진","진희경",1
"이경영","진희경",1
"최학락","진희경",1
"이엘","차승원",1
"강성진","차승원",1
"김승우","차승원",1
"김인권","차승원",1
"송윤아","차승원",1
"이호재","차승원",1
"박광정","차승원",1
"이성재","차승원",1
"동방우","차승원",1
"김응수","차승원",1
"이재구","차승원",1
"성지루","차승원",1
"유해진","차승원",1
"정인기","차승원",1
"오정세","차승원",1
"정규수","차승원",1
"송영창","차승원",1
"류승룡","차승원",1
"이해영","차승원",1
"이한위","차승원",1
"변희봉","차승원",1
"조희봉","천호진",1
"황정민-1","천호진",1
"조영진","천호진",1
"손종학","천호진",1
"김혜수","천호진",1
"장동건","천호진",1
"김수로","천호진",1
"이정헌","천호진",1
"백윤식","천호진",1
"김성균","천호진",1
"김기천","천호진",1
"마동석","천호진",1
"조상건","천호진",1
"유해진","천호진",1
"송영창","천호진",1
"김시후","천호진",1
"정만식","천호진",1
"조달환","천호진",1
"류승수","천호진",1
"유아인","천호진",1
"박광정","추상미",1
"이호재","최민수",1
"전무송","최민수",1
"양택조","최민수",1
"엄정화","최민수",1
"오달수","최민식",1
"권태원","최민식",1
"김홍파","최민식",1
"김병옥","최민식",1
"조진웅","최민식",1
"문소리","최민식",1
"곽도원","최민식",1
"조한철","최민식",1
"라미란","최민식",1
"박신양","최진실",1
"이경영","최진실",1
"조선묵","최진실",1
"김일우","최진실",1
"최종원","최진실",1
"권병길","최진실",1
"조주미","최진실",1
"권용운","최진실",1
"김원해","하지원",1
"김인권","하지원",1
"송재호","하지원",1
"안성기","하지원",1
"유지태","하지원",1
"임창정","하지원",1
"박정학","하지원",1
"박철민","하지원",1
"도용구","하지원",1
"오정세","하지원",1
"엄정화","하지원",1
"성병숙","하지원",1
"전혜진","하지원",1
"김유정","하지원",1
"강예원","하지원",1
"이한위","하지원",1
"주현","하지원",1
"안성기","황신혜",1
"정보석","황신혜",1
"윤문식","황신혜",1
"손종학","강동원",1
"박종환","강동원",1
"김의성","강동원",1
"김지영","강동원",1
"주진모-1","강동원",1
"김성균","강동원",1
"김응수","강동원",1
"이천희","강동원",1
"도용구","강동원",1
"김병옥","강동원",1
"김윤석","강동원",1
"이성민","강동원",1
"송영창","강동원",1
"한효주","강동원",1
"조영진","곽자형",1
"허성태","곽자형",1
"백현진","곽자형",1
"마동석","곽자형",1
"박해일","곽자형",1
"김수로","김영옥",1
"김정은","김영옥",1
"김혜옥","김영옥",1
"김인권","권현상",1
"권태원","권현상",1
"조희봉","김수로",1
"장항선","김수로",1
"이칸희","김수로",1
"문정희","김수로",1
"강성진","김수로",1
"송강호","김수로",1
"유지태","김수로",1
"천호진","김수로",1
"김영옥","김수로",1
"박상면","김수로",1
"정준","김수로",1
"이성재","김수로",1
"조덕현","김수로",1
"김인문","김수로",1
"김기천","김수로",1
"김병옥","김수로",1
"임형준","김수로",1
"신민아","김수로",1
"임원희","김수로",1
"이준혁","김수로",1
"장영남","김수로",1
"이원종","김수로",1
"정규수","김수로",1
"송영창","김수로",1
"박영규","김수로",1
"신구","김수로",1
"류승수","김수로",1
"오광록","김수로",1
"변희봉","김수로",1
"황정민-1","류승범",1
"안지혜","류승범",1
"신하균","류승범",1
"안성기","류승범",1
"성동일","류승범",1
"김강우","류승범",1
"오달수","류승범",1
"김수현","류승범",1
"최무성","류승범",1
"오정세","류승범",1
"박해일","류승범",1
"김서형","류승범",1
"정만식","류승범",1
"기주봉","류승범",1
"김뢰하","류승범",1
"송새벽","류승범",1
"류현경","류승범",1
"강성진","박상면",1
"김수로","박상면",1
"정준","박상면",1
"김인문","박상면",1
"공정환","박상면",1
"이원종","박상면",1
"박영규","박상면",1
"유지태","정준",1
"김수로","정준",1
"박상면","정준",1
"김갑수","안석환",1
"문성근","안석환",1
"신현준","안석환",1
"이경영","안석환",1
"오지혜","안석환",1
"동방우","안석환",1
"류태호","안석환",1
"박철민","안석환",1
"민경진","안석환",1
"허준호","안석환",1
"박충선","안석환",1
"홍석연","안석환",1
"배종옥","송옥숙",1
"유오성","송옥숙",1
"이병헌","송옥숙",1
"전무송","송옥숙",1
"정보석","송옥숙",1
"김일우","송옥숙",1
"최주봉","송옥숙",1
"차태현","송옥숙",1
"정선경","송옥숙",1
"엄춘배","송옥숙",1
"박용팔","송옥숙",1
"남포동","송옥숙",1
"한영수","이미숙",1
"조원희","이미숙",1
"김민희","이미숙",1
"정원중","박광정",1
"김민종","박광정",1
"문성근","박광정",1
"정은표","박광정",1
"차승원","박광정",1
"추상미","박광정",1
"이경영","박광정",1
"동방우","박광정",1
"이두일","박광정",1
"권해효","박광정",1
"허준호","박광정",1
"권용운","박광정",1
"오정세","이솜",1
"박혁권","이솜",1
"류덕환","이솜",1
"윤여정","이솜",1
"안성기","박용수",1
"이얼","박용수",1
"박원상","박용수",1
"박길수","박용수",1
"윤주상","박용수",1
"손병호","박용수",1
"장항선","이정헌",1
"설경구","이정헌",1
"강성진","이정헌",1
"천호진","이정헌",1
"조덕현","이정헌",1
"조희봉","성동일",1
"정원중","성동일",1
"배성우","성동일",1
"조우진","성동일",1
"김영애","성동일",1
"박용우","성동일",1
"박인환","성동일",1
"류승범","성동일",1
"김상호","성동일",1
"주진모-1","성동일",1
"김구택","성동일",1
"박근형","성동일",1
"김응수","성동일",1
"차태현","성동일",1
"박수영","성동일",1
"김기천","성동일",1
"김민재","성동일",1
"전수경","성동일",1
"김정태","성동일",1
"남명렬","성동일",1
"권상우","성동일",1
"조재윤","성동일",1
"고창석","성동일",1
"유해진","성동일",1
"정인기","성동일",1
"박혁권","성동일",1
"오대환","성동일",1
"박병은","성동일",1
"장광","성동일",1
"김성령","성동일",1
"하정우","성동일",1
"전혜진","성동일",1
"고아성","성동일",1
"김유정","성동일",1
"정만식","성동일",1
"나문희","성동일",1
"서영희","성동일",1
"이한위","성동일",1
"김향기","성동일",1
"이용이","심이영",1
"이재구","심이영",1
"이대로","박진희",1
"최원영","박진희",1
"박중훈","김보성",1
"최진영","김보성",1
"안성기","김보성",1
"이경영","김보성",1
"최주봉","김보성",1
"최종원","김보성",1
"국정환","김보성",1
"허준호","김보성",1
"독고영재","김보성",1
"박준규","김보성",1
"김세준","김보성",1
"남포동","김보성",1
"김승우","양택조",1
"문성근","양택조",1
"박인환","양택조",1
"박중훈","양택조",1
"방은희","양택조",1
"강신성일","양택조",1
"이해룡","양택조",1
"김지영","양택조",1
"임창정","양택조",1
"전무송","양택조",1
"최민수","양택조",1
"이경영","양택조",1
"조선묵","양택조",1
"김일우","양택조",1
"최주봉","양택조",1
"박근형","양택조",1
"김기주","양택조",1
"최종원","양택조",1
"김인문","양택조",1
"권병길","양택조",1
"이승훈","양택조",1
"안진수","양택조",1
"이인옥","양택조",1
"김성수","양택조",1
"국정환","양택조",1
"장정국","양택조",1
"정영국","양택조",1
"유연실","양택조",1
"독고영재","양택조",1
"조형기","양택조",1
"이대근","양택조",1
"최동준","양택조",1
"송금식","양택조",1
"권용운","양택조",1
"주호성","양택조",1
"김형자","양택조",1
"이무정","양택조",1
"한태일","양택조",1
"박용팔","양택조",1
"남포동","양택조",1
"조희봉","이경영",1
"이다윗","이경영",1
"황정민-1","이경영",1
"김소진","이경영",1
"설경구","이경영",1
"김희원","이경영",1
"강신일","이경영",1
"배성우","이경영",1
"진선규","이경영",1
"김무열","이경영",1
"조우진","이경영",1
"유연석","이경영",1
"강진아","이경영",1
"이승준","이경영",1
"이엘","이경영",1
"하유미","이경영",1
"강수연","이경영",1
"김원해","이경영",1
"김민종","이경영",1
"김영애","이경영",1
"김의성","이경영",1
"김인권","이경영",1
"김태우","이경영",1
"문성근","이경영",1
"박인환","이경영",1
"박중훈","이경영",1
"한석규","이경영",1
"심혜진","이경영",1
"안성기","이경영",1
"이범수","이경영",1
"이병헌","이경영",1
"임창정","이경영",1
"전도연","이경영",1
"전무송","이경영",1
"전지현","이경영",1
"정진영","이경영",1
"진희경","이경영",1
"최진실","이경영",1
"안석환","이경영",1
"박광정","이경영",1
"김보성","이경영",1
"양택조","이경영",1
"백윤식","이경영",1
"조선묵","이경영",1
"박원상","이경영",1
"동방우","이경영",1
"김상호","이경영",1
"김대명","이경영",1
"권해효","이경영",1
"김일우","이경영",1
"주진모-1","이경영",1
"김성균","이경영",1
"김수안","이경영",1
"조덕현","이경영",1
"이동휘","이경영",1
"최종원","이경영",1
"김영재","이경영",1
"박철민","이경영",1
"김보연","이경영",1
"박수영","이경영",1
"진경","이경영",1
"오달수","이경영",1
"김기천","이경영",1
"김홍파","이경영",1
"윤일주","이경영",1
"김민재","이경영",1
"박희순","이경영",1
"최학락","이경영",1
"김성수","이경영",1
"김종구","이경영",1
"나갑성","이경영",1
"최병모","이경영",1
"조주미","이경영",1
"김병옥","이경영",1
"조진웅","이경영",1
"공정환","이경영",1
"임원희","이경영",1
"독고영재","이경영",1
"정성화","이경영",1
"조승우","이경영",1
"조재윤","이경영",1
"최무성","이경영",1
"유해진","이경영",1
"정인기","이경영",1
"오정세","이경영",1
"이성민","이경영",1
"곽도원","이경영",1
"이도경","이경영",1
"한철우","이경영",1
"정선경","이경영",1
"이미도","이경영",1
"조한철","이경영",1
"곽인준","이경영",1
"이기영","이경영",1
"장광","이경영",1
"송영창","이경영",1
"하정우","이경영",1
"전혜진","이경영",1
"박해일","이경영",1
"남일우","이경영",1
"정만식","이경영",1
"김남길","이경영",1
"조달환","이경영",1
"박용팔","이경영",1
"김동욱","이경영",1
"박진우","이경영",1
"진구","이경영",1
"김민준","이경영",1
"박충선","이경영",1
"김선영","이경영",1
"이지훈","이경영",1
"정원중","정우성",1
"유순철","정우성",1
"김소진","정우성",1
"설경구","정우성",1
"배성우","정우성",1
"조우진","정우성",1
"고소영","정우성",1
"김갑수","정우성",1
"김의성","정우성",1
"안성기","정우성",1
"이범수","정우성",1
"박정학","정우성",1
"박길수","정우성",1
"정인기","정우성",1
"곽도원","정우성",1
"송영창","정우성",1
"한효주","정우성",1
"손병호","정우성",1
"문정희","이성재",1
"강성진","이성재",1
"안성기","이성재",1
"차승원","이성재",1
"김수로","이성재",1
"성지루","이성재",1
"유해진","이성재",1
"김정학","이성재",1
"권율","허준석",1
"손종학","허준석",1
"배성우","허준석",1
"박병은","허준석",1
"조달환","허준석",1
"김뢰하","허준석",1
"김규리","김영호",1
"기주봉","김영호",1
"김의성","윤동환",1
"배성우","백윤식",1
"조우진","백윤식",1
"이엘","백윤식",1
"김의성","백윤식",1
"김혜수","백윤식",1
"이병헌","백윤식",1
"천호진","백윤식",1
"이경영","백윤식",1
"박원상","백윤식",1
"김상호","백윤식",1
"김대명","백윤식",1
"주진모-1","백윤식",1
"김응수","백윤식",1
"권병길","백윤식",1
"박철민","백윤식",1
"김홍파","백윤식",1
"손병욱","백윤식",1
"우현","백윤식",1
"이재구","백윤식",1
"김병옥","백윤식",1
"조승우","백윤식",1
"조재윤","백윤식",1
"조상건","백윤식",1
"백도빈","백윤식",1
"김윤석","백윤식",1
"이문식","백윤식",1
"남일우","백윤식",1
"정만식","백윤식",1
"박진우","백윤식",1
"황정민-2","백윤식",1
"김영애","조선묵",1
"심혜진","조선묵",1
"최진실","조선묵",1
"양택조","조선묵",1
"이경영","조선묵",1
"김일우","조선묵",1
"김성균","조선묵",1
"최종원","조선묵",1
"윤일주","조선묵",1
"김성수","조선묵",1
"정영국","조선묵",1
"조주미","조선묵",1
"조진웅","조선묵",1
"이기영","조선묵",1
"권용운","조선묵",1
"박용팔","조선묵",1
"황정민-1","박정민",1
"배성우","박정민",1
"김의성","박정민",1
"김민재","박정민",1
"황석정","박정민",1
"최병모","박정민",1
"오대환","박정민",1
"정규수","박정민",1
"고아성","박정민",1
"이대연","박정민",1
"김종수","박정민",1
"류현경","박정민",1
"라미란","박정민",1
"이문식","김여진",1
"안성기","이얼",1
"박용수","이얼",1
"박원상","이얼",1
"안병경","이얼",1
"오광록","이얼",1
"이봉규","이얼",1
"김의성","박원상",1
"문성근","박원상",1
"박신양","박원상",1
"안성기","박원상",1
"박용수","박원상",1
"이경영","박원상",1
"백윤식","박원상",1
"이얼","박원상",1
"동방우","박원상",1
"김상호","박원상",1
"김강우","박원상",1
"김응수","박원상",1
"박철민","박원상",1
"진경","박원상",1
"김기천","박원상",1
"박길수","박원상",1
"손병욱","박원상",1
"한기중","박원상",1
"조성하","박원상",1
"김규리","박원상",1
"조재윤","박원상",1
"정인기","박원상",1
"정우혁","박원상",1
"오정세","박원상",1
"전혜진","박원상",1
"박해일","박원상",1
"김중기","박원상",1
"정만식","박원상",1
"나문희","박원상",1
"이대연","박원상",1
"최덕문","박원상",1
"류승룡","박원상",1
"김뢰하","박원상",1
"손병호","박원상",1
"오광록","박원상",1
"이봉규","박원상",1
"문성근","오지혜",1
"한석규","오지혜",1
"안석환","오지혜",1
"동방우","오지혜",1
"박철민","오지혜",1
"정인기","오지혜",1
"박충선","오지혜",1
"정원중","동방우",1
"강성진","동방우",1
"김승우","동방우",1
"문성근","동방우",1
"박중훈","동방우",1
"송강호","동방우",1
"심혜진","동방우",1
"안성기","동방우",1
"이정현","동방우",1
"장진영","동방우",1
"정은표","동방우",1
"차승원","동방우",1
"안석환","동방우",1
"박광정","동방우",1
"이경영","동방우",1
"박원상","동방우",1
"오지혜","동방우",1
"이두일","동방우",1
"권해효","동방우",1
"정웅인","동방우",1
"방은진","동방우",1
"최종원","동방우",1
"지대한","동방우",1
"이천희","동방우",1
"안진수","동방우",1
"김세동","동방우",1
"김경룡","동방우",1
"이준혁","동방우",1
"정선경","동방우",1
"이영란","동방우",1
"김학철","동방우",1
"권용운","동방우",1
"김중기","동방우",1
"신구","동방우",1
"이대연","동방우",1
"박예숙","동방우",1
"박용팔","동방우",1
"박철민","조한선",1
"이천희","조한선",1
"조진웅","조한선",1
"김영민","양동근",1
"이정진","양동근",1
"반민정","양동근",1
"이희준","김상호",1
"황정민-1","김상호",1
"강신일","김상호",1
"배성우","김상호",1
"성동일","김상호",1
"이경영","김상호",1
"백윤식","김상호",1
"박원상","김상호",1
"주진모-1","김상호",1
"김응수","김상호",1
"김호정","김상호",1
"김주혁","김상호",1
"권병길","김상호",1
"박수영","김상호",1
"권태원","김상호",1
"김기천","김상호",1
"김민재","김상호",1
"손병욱","김상호",1
"허준호","김상호",1
"조은지","김상호",1
"조상건","김상호",1
"유해진","김상호",1
"백도빈","김상호",1
"김윤석","김상호",1
"오정세","김상호",1
"김광규","김상호",1
"이문식","김상호",1
"이용녀","김상호",1
"고수희","김상호",1
"윤제문","김상호",1
"박해일","김상호",1
"고아성","김상호",1
"김유정","김상호",1
"정만식","김상호",1
"조달환","김상호",1
"임수정","김상호",1
"엄지원","김상호",1
"김뢰하","김상호",1
"한수연","김상호",1
"라미란","김상호",1
"문성근","이두일",1
"심혜진","이두일",1
"안성기","이두일",1
"박광정","이두일",1
"동방우","이두일",1
"권해효","이두일",1
"권태원","이두일",1
"민경진","이두일",1
"허준호","이두일",1
"박용팔","이두일",1
"이해룡","조상구",1
"문성근","박지아",1
"김정영","박지아",1
"유해진","박지아",1
"최종률","박지일",1
"김민재","박지일",1
"박희순","박지일",1
"조성하","박지일",1
"이원종","박지일",1
"송영창","박지일",1
"고수","박지일",1
"조희봉","윤진서",1
"이칸희","윤진서",1
"유지태","윤진서",1
"백현진","윤진서",1
"정인기","윤진서",1
"류승수","윤진서",1
"허준호","정성모",1
"박준규","정성모",1
"신이","백일섭",1
"공유","백일섭",1
"강리나","김희라",1
"안성기","김희라",1
"주호성","김희라",1
"김소진","김대명",1
"배성우","김대명",1
"조우진","김대명",1
"이엘","김대명",1
"김의성","김대명",1
"이병헌","김대명",1
"이경영","김대명",1
"백윤식","김대명",1
"조정석","김대명",1
"김홍파","김대명",1
"김민재","김대명",1
"정재영","김대명",1
"김종구","김대명",1
"김병옥","김대명",1
"조승우","김대명",1
"조재윤","김대명",1
"윤다경","김대명",1
"이성민","김대명",1
"송영창","김대명",1
"김성령","김대명",1
"유재명","김대명",1
"남일우","김대명",1
"정만식","김대명",1
"한효주","김대명",1
"박진우","김대명",1
"안성기","사현진",1
"김정팔","김새벽",1
"임형국","김새벽",1
"기주봉","김새벽",1
"설경구","서태화",1
"이승연","서태화",1
"차인표","서태화",1
"임형준","서태화",1
"기주봉","서태화",1
"김상중","정운택",1
"정준호","정운택",1
"정웅인","정운택",1
"이재용","정운택",1
"기주봉","정운택",1
"서영화","안재홍",1
"권해효","안재홍",1
"김민희","안재홍",1
"오정세","안재홍",1
"심은경","안재홍",1
"이제훈","성유빈",1
"김수안","성유빈",1
"오달수","성유빈",1
"김홍파","성유빈",1
"이준혁","성유빈",1
"이도경","성유빈",1
"정민성","성유빈",1
"강신일","유준상",1
"서영화","유준상",1
"김의성","유준상",1
"김태우","유준상",1
"예지원","유준상",1
"김지영","유준상",1
"권해효","유준상",1
"공형진","유준상",1
"정재영","유준상",1
"이철민","유준상",1
"백현진","유준상",1
"문소리","유준상",1
"성지루","유준상",1
"류덕환","유준상",1
"신동미","유준상",1
"윤여정","유준상",1
"김종수","유준상",1
"기주봉","유준상",1
"정유미","유준상",1
"이선균","유준상",1
"김희원","권해효",1
"엄태구","권해효",1
"김의성","권해효",1
"문성근","권해효",1
"박광정","권해효",1
"이경영","권해효",1
"동방우","권해효",1
"이두일","권해효",1
"안재홍","권해효",1
"유준상","권해효",1
"조복래","권해효",1
"권태원","권해효",1
"박길수","권해효",1
"김재록","권해효",1
"문소리","권해효",1
"엄춘배","권해효",1
"홍석연","권해효",1
"이봉규","권해효",1
"안성기","차인표",1
"조재현","차인표",1
"서태화","차인표",1
"권태원","차인표",1
"정인기","차인표",1
"이한위","차인표",1
"설경구","손영순",1
"배성우","손영순",1
"문성근","손영순",1
"한석규","손영순",1
"박노식","손영순",1
"현빈","손영순",1
"최민금","손영순",1
"정민성","손영순",1
"이원종","홍경인",1
"박용팔","홍경인",1
"유순철","김일우",1
"김선화","김일우",1
"김명곤","김일우",1
"문성근","김일우",1
"박중훈","김일우",1
"안성기","김일우",1
"이병헌","김일우",1
"조재현","김일우",1
"최진실","김일우",1
"송옥숙","김일우",1
"양택조","김일우",1
"이경영","김일우",1
"조선묵","김일우",1
"최종원","김일우",1
"김인문","김일우",1
"권병길","김일우",1
"권태원","김일우",1
"이인옥","김일우",1
"조학자","김일우",1
"최학락","김일우",1
"김성수","김일우",1
"국정환","김일우",1
"이용이","김일우",1
"민경진","김일우",1
"조주미","김일우",1
"박세범","김일우",1
"권상우","김일우",1
"독고영재","김일우",1
"권용운","김일우",1
"박용팔","김일우",1
"남포동","김일우",1
"박인환","최주봉",1
"송옥숙","최주봉",1
"김보성","최주봉",1
"양택조","최주봉",1
"김인문","최주봉",1
"오정세","최주봉",1
"이대연","최주봉",1
"김세준","최주봉",1
"황정민-1","주진모-1",1
"공호석","주진모-1",1
"문정희","주진모-1",1
"김희원","주진모-1",1
"강신일","주진모-1",1
"박사랑","주진모-1",1
"손종학","주진모-1",1
"배성우","주진모-1",1
"엄지성","주진모-1",1
"김원해","주진모-1",1
"김영애","주진모-1",1
"김혜수","주진모-1",1
"이정재","주진모-1",1
"정진영","주진모-1",1
"강동원","주진모-1",1
"성동일","주진모-1",1
"이경영","주진모-1",1
"백윤식","주진모-1",1
"김상호","주진모-1",1
"김성균","주진모-1",1
"김응수","주진모-1",1
"조덕현","주진모-1",1
"오달수","주진모-1",1
"권태원","주진모-1",1
"김기천","주진모-1",1
"김홍파","주진모-1",1
"추귀정","주진모-1",1
"유승목","주진모-1",1
"박희순","주진모-1",1
"정재영","주진모-1",1
"김종구","주진모-1",1
"이철민","주진모-1",1
"김병옥","주진모-1",1
"조진웅","주진모-1",1
"문소리","주진모-1",1
"공정환","주진모-1",1
"마동석","주진모-1",1
"고창석","주진모-1",1
"유해진","주진모-1",1
"박성웅","주진모-1",1
"백도빈","주진모-1",1
"김윤석","주진모-1",1
"이성민","주진모-1",1
"장영남","주진모-1",1
"정경호-2","주진모-1",1
"예수정","주진모-1",1
"정규수","주진모-1",1
"장광","주진모-1",1
"송영창","주진모-1",1
"하정우","주진모-1",1
"정만식","주진모-1",1
"선우선","주진모-1",1
"류승룡","주진모-1",1
"봉태규","주진모-1",1
"이선균","주진모-1",1
"이해영","주진모-1",1
"이한위","주진모-1",1
"전배수","주진모-1",1
"배성우","조정석",1
"김의성","조정석",1
"송강호","조정석",1
"김대명","조정석",1
"조영진","김성균",1
"김영애","김성균",1
"김의성","김성균",1
"천호진","김성균",1
"강동원","김성균",1
"이경영","김성균",1
"조선묵","김성균",1
"주진모-1","김성균",1
"김기천","김성균",1
"김종구","김성균",1
"김병옥","김성균",1
"조진웅","김성균",1
"마동석","김성균",1
"조재윤","김성균",1
"김윤석","김성균",1
"이성민","김성균",1
"황보라","김성균",1
"장광","김성균",1
"송영창","김성균",1
"하정우","김성균",1
"유재명","김성균",1
"정만식","김성균",1
"김종수","김성균",1
"기주봉","김성균",1
"임현성","김성균",1
"이지훈","김성균",1
"이다윗","박해준",1
"류준열","박해준",1
"조진웅","박해준",1
"길해연","박해준",1
"김중기","박해준",1
"박충선","박해준",1
"황정민-1","정웅인",1
"강신일","정웅인",1
"김래원","정웅인",1
"김상중","정웅인",1
"정준호","정웅인",1
"동방우","정웅인",1
"정운택","정웅인",1
"오달수","정웅인",1
"원웅재","정웅인",1
"성지루","정웅인",1
"송영창","정웅인",1
"신구","정웅인",1
"정만식","정웅인",1
"박진우","정웅인",1
"전배수","정웅인",1
"신하균","이재용",1
"정운택","이재용",1
"오달수","이재용",1
"조성하","이재용",1
"최무성","이재용",1
"이원종","이재용",1
"기주봉","이재용",1
"김명민","최정우",1
"전국환","최정우",1
"민경진","최정우",1
"정인기","최정우",1
"박혁권","최정우",1
"태인호","최정우",1
"길해연","최정우",1
"조석현","최정우",1
"조하석","김구택",1
"이승준","김구택",1
"박용우","김구택",1
"성동일","김구택",1
"박노식","김구택",1
"김수현","김구택",1
"이재구","김구택",1
"마동석","김구택",1
"문영동","김구택",1
"류승룡","김구택",1
"이한위","김구택",1
"이승준","김강우",1
"류승범","김강우",1
"박원상","김강우",1
"권병길","김강우",1
"김기천","김강우",1
"안길강","김강우",1
"김정팔","김강우",1
"임원희","김강우",1
"김규리","김강우",1
"이준혁","김강우",1
"박성웅","김강우",1
"온주완","김강우",1
"송영창","김강우",1
"박해일","김강우",1
"김효진","김강우",1
"윤여정","김강우",1
"기주봉","김강우",1
"주지훈","김강우",1
"황정민-2","김강우",1
"이선균","성현아",1
"최귀화","김영민",1
"안지혜","김영민",1
"전도연","김영민",1
"양동근","김영민",1
"손민석","김영민",1
"장현성","김영민",1
"조진웅","김영민",1
"마동석","김영민",1
"조승우","김영민",1
"이도경","김영민",1
"이용녀","김영민",1
"김중기","김영민",1
"김혜옥","김영민",1
"김호정","변요한",1
"설경구","공형진",1
"김수미","공형진",1
"김용건","공형진",1
"김인권","공형진",1
"신은경","공형진",1
"신현준","공형진",1
"한영수","공형진",1
"유준상","공형진",1
"김주혁","공형진",1
"조원희","공형진",1
"정호빈","공형진",1
"안진수","공형진",1
"최민금","공형진",1
"조학자","공형진",1
"김해곤","공형진",1
"임형준","공형진",1
"오정세","공형진",1
"조한철","공형진",1
"류덕환","공형진",1
"류현경","공형진",1
"신현준","김명국",1
"안진수","김명국",1
"김학철","김명국",1
"이해룡","김영철",1
"이승준","조복래",1
"김의성","조복래",1
"권해효","조복래",1
"윤계상","조복래",1
"조진웅","조복래",1
"박병은","조복래",1
"이해영","조복래",1
"진구","조복래",1
"배성우","허성태",1
"진선규","허성태",1
"조우진","허성태",1
"곽자형","허성태",1
"마동석","허성태",1
"송영창","허성태",1
"고수","허성태",1
"나갑성","남궁원",1
"배성우","박신혜",1
"유연석","박신혜",1
"이미도","박신혜",1
"조달환","박신혜",1
"안성기","박정학",1
"하지원","박정학",1
"정우성","박정학",1
"박철민","박정학",1
"유해진","박정학",1
"이한위","박정학",1
"박사랑","박근형",1
"전무송","박근형",1
"정준호","박근형",1
"성동일","박근형",1
"양택조","박근형",1
"김기주","박근형",1
"우현","박근형",1
"독고영재","박근형",1
"이준혁","박근형",1
"박상욱","박근형",1
"문정희","김수안",1
"천우희","김수안",1
"유연석","김수안",1
"이승준","김수안",1
"이경영","김수안",1
"성유빈","김수안",1
"마동석","김수안",1
"예수정","김수안",1
"박해일","김수안",1
"조희봉","김응수",1
"황정민-1","김응수",1
"정원중","김응수",1
"김희원","김응수",1
"김원해","김응수",1
"박용우","김응수",1
"송재호","김응수",1
"차승원","김응수",1
"강동원","김응수",1
"성동일","김응수",1
"백윤식","김응수",1
"박원상","김응수",1
"김상호","김응수",1
"주진모-1","김응수",1
"권병길","김응수",1
"박철민","김응수",1
"진경","김응수",1
"오달수","김응수",1
"권태원","김응수",1
"김기천","김응수",1
"김홍파","김응수",1
"안길강","김응수",1
"오태경","김응수",1
"이재구","김응수",1
"김병옥","김응수",1
"조승연","김응수",1
"조은지","김응수",1
"조상건","김응수",1
"유해진","김응수",1
"오정세","김응수",1
"예수정","김응수",1
"김동욱","김응수",1
"이한위","김응수",1
"변희봉","김응수",1
"조재현","손민석",1
"김영민","손민석",1
"장항선","조덕현",1
"공호석","조덕현",1
"문정희","조덕현",1
"강신일","조덕현",1
"김윤진","조덕현",1
"신하균","조덕현",1
"임하룡","조덕현",1
"김수로","조덕현",1
"이정헌","조덕현",1
"이경영","조덕현",1
"주진모-1","조덕현",1
"김기천","조덕현",1
"유승목","조덕현",1
"박희순","조덕현",1
"전국환","조덕현",1
"김세동","조덕현",1
"정재영","조덕현",1
"이용이","조덕현",1
"김병옥","조덕현",1
"조재윤","조덕현",1
"정인기","조덕현",1
"백도빈","조덕현",1
"조한철","조덕현",1
"송영창","조덕현",1
"류덕환","조덕현",1
"류승룡","조덕현",1
"이해영","조덕현",1
"손병호","조덕현",1
"안성기","방은진",1
"동방우","방은진",1
"조하석","박노식",1
"이승준","박노식",1
"송강호","박노식",1
"손영순","박노식",1
"김구택","박노식",1
"지대한","박노식",1
"박길수","박노식",1
"이재구","박노식",1
"문영동","박노식",1
"정민성","박노식",1
"박해일","박노식",1
"최덕문","박노식",1
"류승룡","박노식",1
"고서희","박노식",1
"김뢰하","박노식",1
"이한위","박노식",1
"변희봉","박노식",1
"양동근","이정진",1
"오달수","이정진",1
"김영선","한이진",1
"천우희","한이진",1
"이승준","한이진",1
"정경호-1","한이진",1
"이재구","한이진",1
"조진웅","한이진",1
"김정영","한이진",1
"류승룡","한이진",1
"김태훈","한이진",1
"진구","한이진",1
"김해숙","이동휘",1
"배성우","이동휘",1
"조우진","이동휘",1
"이하늬","이동휘",1
"이경영","이동휘",1
"김주혁","이동휘",1
"진경","이동휘",1
"유해진","이동휘",1
"오정세","이동휘",1
"송영창","이동휘",1
"한효주","이동휘",1
"양택조","김기주",1
"박근형","김기주",1
"윤일주","김기주",1
"이석구","김기주",1
"나갑성","김기주",1
"한명환","김기주",1
"박동룡","김기주",1
"이대근","김기주",1
"송금식","김기주",1
"남포동","김기주",1
"길달호","김기주",1
"손종학","박소담",1
"배성우","박소담",1
"오달수","박소담",1
"마동석","박소담",1
"진지희","박소담",1
"김시후","박소담",1
"김중기","박소담",1
"오희준","박소담",1
"유아인","박소담",1
"정석용","박소담",1
"김명곤","최종원",1
"김혜수","최종원",1
"박중훈","최종원",1
"안성기","최종원",1
"정보석","최종원",1
"조재현","최종원",1
"최진실","최종원",1
"김보성","최종원",1
"양택조","최종원",1
"이경영","최종원",1
"조선묵","최종원",1
"동방우","최종원",1
"김일우","최종원",1
"권병길","최종원",1
"김보연","최종원",1
"최학락","최종원",1
"전숙","최종원",1
"조주미","최종원",1
"조형기","최종원",1
"최동준","최종원",1
"엄춘배","최종원",1
"송영창","최종원",1
"김학철","최종원",1
"윤문식","최종원",1
"윤주상","최종원",1
"박예숙","최종원",1
"안병경","최종원",1
"남포동","최종원",1
"박충선","최종원",1
"서현우","장인섭",1
"최정우","김명민",1
"오달수","김명민",1
"박희순","김명민",1
"우현","김명민",1
"최무성","김명민",1
"정인기","김명민",1
"박혁권","김명민",1
"유재명","김명민",1
"기주봉","김명민",1
"김뢰하","김명민",1
"김상호","김호정",1
"변요한","김호정",1
"김기천","김호정",1
"김윤석","김호정",1
"강신일","강혜정",1
"유지태","강혜정",1
"박희순","강혜정",1
"류덕환","강혜정",1
"김혜옥","강혜정",1
"김영민","장현성",1
"조성하","장현성",1
"임원희","장현성",1
"김윤석","장현성",1
"최규환","장현성",1
"최귀화","류준열",1
"배성우","류준열",1
"조우진","류준열",1
"이하늬","류준열",1
"박해준","류준열",1
"이희준","김영재",1
"정진영","김영재",1
"이경영","김영재",1
"박철민","김영재",1
"박수영","김영재",1
"유승목","김영재",1
"박해일","김영재",1
"정영기","김영재",1
"엄상현","김서영",1
"정미숙","김서영",1
"양정화","김서영",1
"홍범기","김서영",1
"신용우","김서영",1
"이범수","김주혁",1
"김상호","김주혁",1
"공형진","김주혁",1
"이동휘","김주혁",1
"김민재","김주혁",1
"유해진","김주혁",1
"오정세","김주혁",1
"이미도","김주혁",1
"엄정화","김주혁",1
"김성령","김주혁",1
"문원주","김주혁",1
"조달환","김주혁",1
"기주봉","김주혁",1
"박진우","김주혁",1
"김선화","김인문",1
"김영애","김인문",1
"신은경","김인문",1
"임창정","김인문",1
"김수로","김인문",1
"박상면","김인문",1
"양택조","김인문",1
"김일우","김인문",1
"최주봉","김인문",1
"안진수","김인문",1
"조학자","김인문",1
"박길수","김인문",1
"국정환","김인문",1
"성지루","김인문",1
"이대근","김인문",1
"이원종","김인문",1
"박용팔","김인문",1
"문미봉","김인문",1
"전배수","장소연",1
"김갑수","이윤건",1
"김의성","이윤건",1
"김기방","이윤건",1
"김민종","신철진",1
"도용구","신철진",1
"정재진","신철진",1
"윤주상","정두홍",1
"배성우","유하준",1
"하정우","유하준",1
"최종률","최홍일",1
"김정팔","최홍일",1
"배성우","류태호",1
"김의성","류태호",1
"송재호","류태호",1
"안석환","류태호",1
"서평석","유성",1
"조학자","유성",1
"김경진","유성",1
"길달호","유성",1
"배성우","차태현",1
"송옥숙","차태현",1
"성동일","차태현",1
"오달수","차태현",1
"고창석","차태현",1
"박영서","차태현",1
"손예진","차태현",1
"박하선","차태현",1
"김향기","차태현",1
"정석용","차태현",1
"정원중","권병길",1
"박중훈","권병길",1
"송재호","권병길",1
"안성기","권병길",1
"최진실","권병길",1
"양택조","권병길",1
"백윤식","권병길",1
"김상호","권병길",1
"김일우","권병길",1
"김강우","권병길",1
"김응수","권병길",1
"최종원","권병길",1
"최학락","권병길",1
"조주미","권병길",1
"정인기","권병길",1
"길해연","권병길",1
"권용운","권병길",1
"윤여정","권병길",1
"박예숙","권병길",1
"임수정","권병길",1
"오광록","권병길",1
"소비아","민복기",1
"강리나","민복기",1
"오희찬","민복기",1
"신성하","민복기",1
"조희봉","박철민",1
"유승호","박철민",1
"김소진","박철민",1
"설경구","박철민",1
"김원해","박철민",1
"김인권","박철민",1
"신현준","박철민",1
"안성기","박철민",1
"이범수","박철민",1
"이정재","박철민",1
"전무송","박철민",1
"정준호","박철민",1
"하지원","박철민",1
"안석환","박철민",1
"이경영","박철민",1
"백윤식","박철민",1
"박원상","박철민",1
"오지혜","박철민",1
"조한선","박철민",1
"박정학","박철민",1
"김응수","박철민",1
"김영재","박철민",1
"조원희","박철민",1
"정경호-1","박철민",1
"권태원","박철민",1
"이주실","박철민",1
"민경진","박철민",1
"김병옥","박철민",1
"정성화","박철민",1
"유해진","박철민",1
"정인기","박철민",1
"오정세","박철민",1
"이미도","박철민",1
"박영서","박철민",1
"장광","박철민",1
"김상경","박철민",1
"손예진","박철민",1
"김중기","박철민",1
"문원주","박철민",1
"나문희","박철민",1
"이대연","박철민",1
"조달환","박철민",1
"기주봉","박철민",1
"진용욱","박철민",1
"안내상","박철민",1
"손병호","박철민",1
"박충선","박철민",1
"송새벽","박철민",1
"이한위","박철민",1
"김선영","박철민",1
"정석용","박철민",1
"신현준","조원희",1
"한영수","조원희",1
"이범수","조원희",1
"이정재","조원희",1
"정준호","조원희",1
"이미숙","조원희",1
"공형진","조원희",1
"박철민","조원희",1
"정호빈","조원희",1
"김병옥","조원희",1
"신현탁","조원희",1
"허준호","조원희",1
"김윤성","조원희",1
"김중기","조원희",1
"진용욱","조원희",1
"신현준","정호빈",1
"공형진","정호빈",1
"조원희","정호빈",1
"김해곤","정호빈",1
"이준혁","정호빈",1
"장영남","정호빈",1
"배성우","김보연",1
"안성기","김보연",1
"이경영","김보연",1
"최종원","김보연",1
"손창민","김보연",1
"박예숙","김보연",1
"천우희","박수영",1
"이승준","박수영",1
"김영애","박수영",1
"성동일","박수영",1
"이경영","박수영",1
"김상호","박수영",1
"김영재","박수영",1
"최병모","박수영",1
"박효주","박수영",1
"이준혁","박수영",1
"김윤석","박수영",1
"고아성","박수영",1
"유아인","박수영",1
"김향기","박수영",1
"김의성","윤계상",1
"조복래","윤계상",1
"마동석","윤계상",1
"김종수","윤계상",1
"조희봉","정경호-1",1
"예지원","정경호-1",1
"조재현","정경호-1",1
"한이진","정경호-1",1
"박철민","정경호-1",1
"오태경","정경호-1",1
"우현","정경호-1",1
"김유정","정경호-1",1
"기주봉","정경호-1",1
"손병호","정경호-1",1
"주현","정경호-1",1
"나갑성","김국현",1
"이대근","서창숙",1
"배성우","진경",1
"이경영","진경",1
"박원상","진경",1
"김응수","진경",1
"이동휘","진경",1
"오달수","진경",1
"조진웅","진경",1
"유해진","진경",1
"양택조","이승훈",1
"유해진","이승훈",1
"정석용","이승훈",1
"조영진","지대한",1
"김해숙","지대한",1
"설경구","지대한",1
"최진호","지대한",1
"김래원","지대한",1
"김인권","지대한",1
"동방우","지대한",1
"박노식","지대한",1
"서진원","지대한",1
"박길수","지대한",1
"유승목","지대한",1
"오태경","지대한",1
"김병옥","지대한",1
"김정태","지대한",1
"손예진","지대한",1
"강예원","지대한",1
"김기방","지대한",1
"이대연","지대한",1
"최덕문","지대한",1
"이해영","지대한",1
"안내상","지대한",1
"서영희","지대한",1
"고서희","지대한",1
"조희봉","오달수",1
"황정민-1","오달수",1
"정원중","오달수",1
"김해숙","오달수",1
"설경구","오달수",1
"강신일","오달수",1
"배성우","오달수",1
"김수미","오달수",1
"김혜수","오달수",1
"한석규","오달수",1
"배두나","오달수",1
"송강호","오달수",1
"송재호","오달수",1
"신하균","오달수",1
"이병헌","오달수",1
"이정재","오달수",1
"전지현","오달수",1
"최민식","오달수",1
"류승범","오달수",1
"이경영","오달수",1
"성유빈","오달수",1
"주진모-1","오달수",1
"정웅인","오달수",1
"이재용","오달수",1
"김응수","오달수",1
"이정진","오달수",1
"박소담","오달수",1
"김명민","오달수",1
"차태현","오달수",1
"진경","오달수",1
"김홍파","오달수",1
"유승목","오달수",1
"오태경","오달수",1
"신정근","오달수",1
"우현","오달수",1
"김병옥","오달수",1
"조진웅","오달수",1
"문소리","오달수",1
"이준혁","오달수",1
"최무성","오달수",1
"고창석","오달수",1
"유해진","오달수",1
"김윤석","오달수",1
"이성민","오달수",1
"장영남","오달수",1
"이문식","오달수",1
"최일화","오달수",1
"윤제문","오달수",1
"예수정","오달수",1
"정규수","오달수",1
"송영창","오달수",1
"류덕환","오달수",1
"김성령","오달수",1
"김시후","오달수",1
"하정우","오달수",1
"박해일","오달수",1
"남일우","오달수",1
"문원주","오달수",1
"정만식","오달수",1
"윤여정","오달수",1
"최덕문","오달수",1
"김남길","오달수",1
"조달환","오달수",1
"엄지원","오달수",1
"안내상","오달수",1
"김뢰하","오달수",1
"이영훈","오달수",1
"손병호","오달수",1
"송새벽","오달수",1
"류승수","오달수",1
"수애","오달수",1
"김향기","오달수",1
"라미란","오달수",1
"정석용","오달수",1
"손영순","현빈",1
"공정환","현빈",1
"박성웅","현빈",1
"장영남","현빈",1
"박진우","현빈",1
"강진아","오창경",1
"정민성","오창경",1
"정봉연","차룡",1
"최귀화","권태원",1
"황정민-1","권태원",1
"설경구","권태원",1
"문성근","권태원",1
"송재호","권태원",1
"심혜진","권태원",1
"안성기","권태원",1
"조재현","권태원",1
"최민식","권태원",1
"권현상","권태원",1
"김상호","권태원",1
"이두일","권태원",1
"권해효","권태원",1
"차인표","권태원",1
"김일우","권태원",1
"주진모-1","권태원",1
"김응수","권태원",1
"박철민","권태원",1
"김기천","권태원",1
"박길수","권태원",1
"이주실","권태원",1
"민경진","권태원",1
"조진웅","권태원",1
"유해진","권태원",1
"정인기","권태원",1
"김윤석","권태원",1
"오정세","권태원",1
"이용녀","권태원",1
"송영창","권태원",1
"김상경","권태원",1
"김종수","권태원",1
"박용팔","권태원",1
"엄지원","권태원",1
"손병호","권태원",1
"이한위","권태원",1
"라미란","권태원",1
"정우혁","김미영",1
"강기화","정희태",1
"최덕문","정희태",1
"장항선","김기천",1
"김병춘","김기천",1
"장유","김기천",1
"이제훈","김기천",1
"안성기","김기천",1
"유오성","김기천",1
"천호진","김기천",1
"김수로","김기천",1
"성동일","김기천",1
"이경영","김기천",1
"박원상","김기천",1
"김상호","김기천",1
"주진모-1","김기천",1
"김성균","김기천",1
"김강우","김기천",1
"김응수","김기천",1
"조덕현","김기천",1
"김호정","김기천",1
"권태원","김기천",1
"박길수","김기천",1
"이주실","김기천",1
"민경진","김기천",1
"김병옥","김기천",1
"김정태","김기천",1
"조진웅","김기천",1
"김정팔","김기천",1
"조재윤","김기천",1
"이준혁","김기천",1
"백도빈","김기천",1
"김광규","김기천",1
"곽도원","김기천",1
"박혁권","김기천",1
"이용녀","김기천",1
"장광","김기천",1
"송영창","김기천",1
"조석현","김기천",1
"정만식","김기천",1
"임수정","김기천",1
"최규환","김기천",1
"이지훈","김기천",1
"엄태웅","김기천",1
"김하늘","이천희",1
"강동원","이천희",1
"동방우","이천희",1
"조한선","이천희",1
"김수현","이천희",1
"최무성","이천희",1
"정우혁","이천희",1
"최영준","이정희",1
"장동일","이정희",1
"박지수","이정희",1
"강리나","안진수",1
"신은경","안진수",1
"한영수","안진수",1
"양택조","안진수",1
"동방우","안진수",1
"공형진","안진수",1
"김명국","안진수",1
"김인문","안진수",1
"윤일주","안진수",1
"조학자","안진수",1
"이석구","안진수",1
"박부양","안진수",1
"나갑성","안진수",1
"장정국","안진수",1
"정영국","안진수",1
"박동룡","안진수",1
"유일문","안진수",1
"최명호","안진수",1
"이대근","안진수",1
"송금식","안진수",1
"홍윤정","안진수",1
"하재영","안진수",1
"김형자","안진수",1
"박예숙","안진수",1
"이무정","안진수",1
"박용팔","안진수",1
"문미봉","안진수",1
"서영화","조덕제",1
"김정팔","조덕제",1
"강신철","김홍파",1
"황정민-1","김홍파",1
"배성우","김홍파",1
"조우진","김홍파",1
"박종환","김홍파",1
"이엘","김홍파",1
"김의성","김홍파",1
"이병헌","김홍파",1
"이정재","김홍파",1
"최민식","김홍파",1
"이경영","김홍파",1
"백윤식","김홍파",1
"김대명","김홍파",1
"성유빈","김홍파",1
"주진모-1","김홍파",1
"김응수","김홍파",1
"오달수","김홍파",1
"김병옥","김홍파",1
"문소리","김홍파",1
"조승우","김홍파",1
"조재윤","김홍파",1
"박성웅","김홍파",1
"남문철","김홍파",1
"이성민","김홍파",1
"곽도원","김홍파",1
"박병은","김홍파",1
"하정우","김홍파",1
"박지환","김홍파",1
"남일우","김홍파",1
"정만식","김홍파",1
"박진우","김홍파",1
"라미란","김홍파",1
"손영순","최민금",1
"공형진","최민금",1
"조학자","최민금",1
"박길수","최민금",1
"김경익","최민금",1
"윤일봉","진봉진",1
"윤일주","진봉진",1
"주상호","진봉진",1
"박동룡","진봉진",1
"송금식","진봉진",1
"홍윤정","진봉진",1
"윤주상","진봉진",1
"서평석","윤일주",1
"심형래","윤일주",1
"이경영","윤일주",1
"조선묵","윤일주",1
"김기주","윤일주",1
"안진수","윤일주",1
"진봉진","윤일주",1
"주상호","윤일주",1
"이인옥","윤일주",1
"김경란","윤일주",1
"조학자","윤일주",1
"이석구","윤일주",1
"박부양","윤일주",1
"김성수","윤일주",1
"나갑성","윤일주",1
"국정환","윤일주",1
"장정국","윤일주",1
"전숙","윤일주",1
"박동룡","윤일주",1
"유일문","윤일주",1
"홍윤정","윤일주",1
"주호성","윤일주",1
"김예령","윤일주",1
"박예숙","윤일주",1
"박용팔","윤일주",1
"문미봉","윤일주",1
"서평석","오희찬",1
"한영수","오희찬",1
"민복기","오희찬",1
"조학자","오희찬",1
"남정희","오희찬",1
"김성수","오희찬",1
"나갑성","오희찬",1
"최민","오희찬",1
"박동룡","오희찬",1
"김경진","오희찬",1
"이무정","오희찬",1
"박용팔","오희찬",1
"길달호","오희찬",1
"문미봉","오희찬",1
"심형래","정봉연",1
"차룡","정봉연",1
"주상호","정봉연",1
"이석구","정봉연",1
"박동룡","정봉연",1
"정진영","추귀정",1
"주진모-1","추귀정",1
"박명신","추귀정",1
"정민성","추귀정",1
"안내상","추귀정",1
"손병호","추귀정",1
"지대한","서진원",1
"신정근","서진원",1
"최덕문","서진원",1
"고서희","서진원",1
"서평석","주상호",1
"심형래","주상호",1
"이해룡","주상호",1
"조재현","주상호",1
"진봉진","주상호",1
"윤일주","주상호",1
"정봉연","주상호",1
"조학자","주상호",1
"이석구","주상호",1
"박부양","주상호",1
"김성수","주상호",1
"나갑성","주상호",1
"국정환","주상호",1
"장정국","주상호",1
"박동룡","주상호",1
"홍충길","주상호",1
"최동준","주상호",1
"장동일","주상호",1
"홍윤정","주상호",1
"박예숙","주상호",1
"박용팔","주상호",1
"안병경","주상호",1
"남포동","주상호",1
"홍석연","주상호",1
"문미봉","주상호",1
"서평석","이인옥",1
"문성근","이인옥",1
"양택조","이인옥",1
"김일우","이인옥",1
"윤일주","이인옥",1
"김경란","이인옥",1
"조학자","이인옥",1
"국정환","이인옥",1
"최동준","이인옥",1
"박용팔","이인옥",1
"문미봉","이인옥",1
"서평석","김경란",1
"문성근","김경란",1
"배종옥","김경란",1
"이대로","김경란",1
"정보석","김경란",1
"윤일주","김경란",1
"이인옥","김경란",1
"조학자","김경란",1
"박부양","김경란",1
"나갑성","김경란",1
"장정국","김경란",1
"조주미","김경란",1
"박예숙","김경란",1
"박용팔","김경란",1
"문미봉","김경란",1
"문성근","조학자",1
"신은경","조학자",1
"심혜진","조학자",1
"김일우","조학자",1
"공형진","조학자",1
"김인문","조학자",1
"유성","조학자",1
"안진수","조학자",1
"최민금","조학자",1
"윤일주","조학자",1
"오희찬","조학자",1
"주상호","조학자",1
"이인옥","조학자",1
"김경란","조학자",1
"이석구","조학자",1
"박부양","조학자",1
"남정희","조학자",1
"김성수","조학자",1
"나갑성","조학자",1
"장정국","조학자",1
"전숙","조학자",1
"정영국","조학자",1
"박동룡","조학자",1
"유일문","조학자",1
"홍충길","조학자",1
"장동일","조학자",1
"박예숙","조학자",1
"박용팔","조학자",1
"길달호","조학자",1
"문미봉","조학자",1
"박중훈","이석구",1
"심형래","이석구",1
"김기주","이석구",1
"안진수","이석구",1
"윤일주","이석구",1
"정봉연","이석구",1
"주상호","이석구",1
"조학자","이석구",1
"박부양","이석구",1
"국정환","이석구",1
"전숙","이석구",1
"박동룡","이석구",1
"이혜진","이석구",1
"조주미","이석구",1
"홍충길","이석구",1
"이대근","이석구",1
"송금식","이석구",1
"이혜영","이석구",1
"장동일","이석구",1
"선우용여","이석구",1
"박예숙","이석구",1
"박용팔","이석구",1
"남포동","이석구",1
"길달호","이석구",1
"문미봉","이석구",1
"설경구","박길수",1
"이승준","박길수",1
"문성근","박길수",1
"안성기","박길수",1
"박용수","박길수",1
"정우성","박길수",1
"박원상","박길수",1
"권해효","박길수",1
"박노식","박길수",1
"김인문","박길수",1
"지대한","박길수",1
"권태원","박길수",1
"김기천","박길수",1
"최민금","박길수",1
"유승목","박길수",1
"최학락","박길수",1
"정재영","박길수",1
"민경진","박길수",1
"김병옥","박길수",1
"문소리","박길수",1
"독고영재","박길수",1
"정민성","박길수",1
"정만식","박길수",1
"윤주상","박길수",1
"이대연","박길수",1
"정영기","박길수",1
"고서희","박길수",1
"김경익","박길수",1
"손병호","박길수",1
"이한위","박길수",1
"기주봉","허기호",1
"서평석","박부양",1
"문성근","박부양",1
"심혜진","박부양",1
"조재현","박부양",1
"안진수","박부양",1
"윤일주","박부양",1
"주상호","박부양",1
"김경란","박부양",1
"조학자","박부양",1
"이석구","박부양",1
"김성수","박부양",1
"나갑성","박부양",1
"이혜진","박부양",1
"이창훈","박부양",1
"박예숙","박부양",1
"박용팔","박부양",1
"문미봉","박부양",1
"조희봉","유승목",1
"이희준","유승목",1
"황정민-1","유승목",1
"강신일","유승목",1
"김인권","유승목",1
"정진영","유승목",1
"주진모-1","유승목",1
"조덕현","유승목",1
"김영재","유승목",1
"지대한","유승목",1
"오달수","유승목",1
"박길수","유승목",1
"남정희","유승목",1
"김민재","유승목",1
"박희순","유승목",1
"전국환","유승목",1
"김세동","유승목",1
"정재영","유승목",1
"신정근","유승목",1
"이용이","유승목",1
"조성하","유승목",1
"김정팔","유승목",1
"문소리","유승목",1
"조재윤","유승목",1
"이준혁","유승목",1
"정인기","유승목",1
"김윤석","유승목",1
"정우혁","유승목",1
"장영남","유승목",1
"박혁권","유승목",1
"윤제문","유승목",1
"조한철","유승목",1
"예수정","유승목",1
"송영창","유승목",1
"이영란","유승목",1
"하정우","유승목",1
"정만식","유승목",1
"류승룡","유승목",1
"정영기","유승목",1
"기주봉","유승목",1
"고서희","유승목",1
"전배수","유승목",1
"박지일","최종률",1
"최홍일","최종률",1
"박희순","최종률",1
"김정팔","최종률",1
"박명신","최종률",1
"서평석","남정희",1
"임창정","남정희",1
"오희찬","남정희",1
"조학자","남정희",1
"유승목","남정희",1
"김경진","남정희",1
"이영란","남정희",1
"한명구","남정희",1
"박용팔","남정희",1
"문미봉","남정희",1
"김원해","이주실",1
"김인권","이주실",1
"송재호","이주실",1
"유지태","이주실",1
"박철민","이주실",1
"권태원","이주실",1
"김기천","이주실",1
"안길강","이주실",1
"박영서","이주실",1
"한예리","이주실",1
"이한위","이주실",1
"이범수","안길강",1
"김강우","안길강",1
"김응수","안길강",1
"이주실","안길강",1
"박영서","안길강",1
"이용녀","안길강",1
"이기영","안길강",1
"이한위","안길강",1
"이희준","김민재",1
"최귀화","김민재",1
"황정민-1","김민재",1
"김소진","김민재",1
"김희원","김민재",1
"배성우","김민재",1
"김의성","김민재",1
"정진영","김민재",1
"성동일","김민재",1
"이경영","김민재",1
"박정민","김민재",1
"김상호","김민재",1
"박지일","김민재",1
"김대명","김민재",1
"김주혁","김민재",1
"유승목","김민재",1
"김민희","김민재",1
"김정태","김민재",1
"조성하","김민재",1
"마동석","김민재",1
"조재윤","김민재",1
"박성웅","김민재",1
"오정세","김민재",1
"이도경","김민재",1
"이미도","김민재",1
"송영창","김민재",1
"조석현","김민재",1
"김성령","김민재",1
"고아성","김민재",1
"이종구","김민재",1
"정만식","김민재",1
"진구","김민재",1
"한수연","김민재",1
"송새벽","김민재",1
"조희봉","김수현",1
"황정민-1","김수현",1
"류승범","김수현",1
"김구택","김수현",1
"이천희","김수현",1
"마동석","김수현",1
"고서희","김수현",1
"이다윗","박희순",1
"김무열","박희순",1
"조우진","박희순",1
"김의성","박희순",1
"이경영","박희순",1
"박지일","박희순",1
"주진모-1","박희순",1
"조덕현","박희순",1
"김명민","박희순",1
"강혜정","박희순",1
"유승목","박희순",1
"최종률","박희순",1
"전국환","박희순",1
"조재윤","박희순",1
"최무성","박희순",1
"고창석","박희순",1
"김준배","박희순",1
"김윤석","박희순",1
"오정세","박희순",1
"하정우","박희순",1
"박해일","박희순",1
"유다인","박희순",1
"김중기","박희순",1
"최덕문","박희순",1
"기주봉","박희순",1
"김경익","박희순",1
"정석용","박희순",1
"장유","전국환",1
"배호근","전국환",1
"엄지성","전국환",1
"이하늬","전국환",1
"김인권","전국환",1
"최정우","전국환",1
"조덕현","전국환",1
"유승목","전국환",1
"박희순","전국환",1
"김세동","전국환",1
"이용이","전국환",1
"고창석","전국환",1
"정인기","전국환",1
"윤제문","전국환",1
"조석현","전국환",1
"안내상","전국환",1
"문정희","김세동",1
"강신일","김세동",1
"동방우","김세동",1
"조덕현","김세동",1
"유승목","김세동",1
"전국환","김세동",1
"김종구","김세동",1
"조성하","김세동",1
"정인기","김세동",1
"박명신","김세동",1
"이용녀","김세동",1
"조한철","김세동",1
"송영창","김세동",1
"이대연","김세동",1
"서현우","김병철",1
"고창석","김병철",1
"문영동","김병철",1
"이일재","김해곤",1
"김수미","김해곤",1
"신현준","김해곤",1
"공형진","김해곤",1
"정호빈","김해곤",1
"임형준","김해곤",1
"신현준","최학락",1
"이병헌","최학락",1
"진희경","최학락",1
"이경영","최학락",1
"김일우","최학락",1
"최종원","최학락",1
"권병길","최학락",1
"박길수","최학락",1
"윤주상","최학락",1
"유지태","오태경",1
"김응수","오태경",1
"정경호-1","오태경",1
"지대한","오태경",1
"오달수","오태경",1
"윤제문","오태경",1
"장항선","황석정",1
"설경구","황석정",1
"박정민","황석정",1
"양익준","황석정",1
"김재록","황석정",1
"이대연","황석정",1
"공호석","정재영",1
"설경구","정재영",1
"강신일","정재영",1
"배성우","정재영",1
"서영화","정재영",1
"문성근","정재영",1
"신하균","정재영",1
"안성기","정재영",1
"예지원","정재영",1
"김대명","정재영",1
"유준상","정재영",1
"주진모-1","정재영",1
"조덕현","정재영",1
"박길수","정재영",1
"유승목","정재영",1
"김민희","정재영",1
"김종구","정재영",1
"이철민","정재영",1
"허준호","정재영",1
"임원희","정재영",1
"유선","정재영",1
"유해진","정재영",1
"김준배","정재영",1
"장영남","정재영",1
"이도경","정재영",1
"정규수","정재영",1
"장광","정재영",1
"송영창","정재영",1
"류덕환","정재영",1
"류승룡","정재영",1
"김남길","정재영",1
"최원영","정재영",1
"이해영","정재영",1
"이한위","정재영",1
"류현경","정재영",1
"김꽃비","양익준",1
"황석정","양익준",1
"김재록","양익준",1
"오정세","양익준",1
"박희본","양익준",1
"조희봉","신정근",1
"조영진","신정근",1
"오지호","신정근",1
"이범수","신정근",1
"정진영","신정근",1
"오달수","신정근",1
"서진원","신정근",1
"유승목","신정근",1
"한명환","신정근",1
"조진웅","신정근",1
"정성화","신정근",1
"고창석","신정근",1
"유해진","신정근",1
"정인기","신정근",1
"이문식","신정근",1
"정규수","신정근",1
"장광","신정근",1
"손현주","신정근",1
"정만식","신정근",1
"선우선","신정근",1
"류승룡","신정근",1
"안내상","신정근",1
"류승수","신정근",1
"변희봉","신정근",1
"정석용","신정근",1
"배성우","김경애",1
"동방우","김경룡",1
"이성훈","김경룡",1
"이희준","김민희",1
"서영화","김민희",1
"이미숙","김민희",1
"안재홍","김민희",1
"김민재","김민희",1
"정재영","김민희",1
"김옥빈","김민희",1
"박병은","김민희",1
"윤여정","김민희",1
"기주봉","김민희",1
"강성진","이요원",1
"성지루","이요원",1
"심혜진","김성수",1
"양택조","김성수",1
"이경영","김성수",1
"조선묵","김성수",1
"김일우","김성수",1
"윤일주","김성수",1
"오희찬","김성수",1
"주상호","김성수",1
"조학자","김성수",1
"박부양","김성수",1
"나갑성","김성수",1
"박동룡","김성수",1
"김경진","김성수",1
"홍충길","김성수",1
"주호성","김성수",1
"황정민-1","도용구",1
"설경구","도용구",1
"박중훈","도용구",1
"안성기","도용구",1
"하지원","도용구",1
"강동원","도용구",1
"신철진","도용구",1
"강예원","도용구",1
"선우선","도용구",1
"손종학","김종구",1
"배성우","김종구",1
"김영애","김종구",1
"이경영","김종구",1
"김대명","김종구",1
"주진모-1","김종구",1
"김성균","김종구",1
"김세동","김종구",1
"정재영","김종구",1
"조진웅","김종구",1
"조은지","김종구",1
"마동석","김종구",1
"송영창","김종구",1
"하정우","김종구",1
"정만식","김종구",1
"박진우","김종구",1
"서평석","나갑성",1
"문성근","나갑성",1
"이대로","나갑성",1
"이경영","나갑성",1
"남궁원","나갑성",1
"김기주","나갑성",1
"김국현","나갑성",1
"안진수","나갑성",1
"윤일주","나갑성",1
"오희찬","나갑성",1
"주상호","나갑성",1
"김경란","나갑성",1
"조학자","나갑성",1
"박부양","나갑성",1
"김성수","나갑성",1
"국정환","나갑성",1
"한명환","나갑성",1
"전숙","나갑성",1
"최민","나갑성",1
"박동룡","나갑성",1
"유일문","나갑성",1
"박세범","나갑성",1
"이창훈","나갑성",1
"홍충길","나갑성",1
"조형기","나갑성",1
"이대근","나갑성",1
"송금식","나갑성",1
"홍윤정","나갑성",1
"박예숙","나갑성",1
"박용팔","나갑성",1
"문미봉","나갑성",1
"박중훈","국정환",1
"이대로","국정환",1
"김보성","국정환",1
"양택조","국정환",1
"김일우","국정환",1
"김인문","국정환",1
"윤일주","국정환",1
"주상호","국정환",1
"이인옥","국정환",1
"이석구","국정환",1
"나갑성","국정환",1
"장정국","국정환",1
"조형기","국정환",1
"송금식","국정환",1
"박용팔","국정환",1
"남포동","국정환",1
"김기주","한명환",1
"신정근","한명환",1
"나갑성","한명환",1
"정영국","한명환",1
"박예숙","한명환",1
"박용팔","한명환",1
"문미봉","한명환",1
"백윤식","손병욱",1
"박원상","손병욱",1
"김상호","손병욱",1
"이재구","손병욱",1
"고규필","손병욱",1
"조달환","손병욱",1
"라미란","손병욱",1
"서평석","장정국",1
"배종옥","장정국",1
"정보석","장정국",1
"양택조","장정국",1
"안진수","장정국",1
"윤일주","장정국",1
"주상호","장정국",1
"김경란","장정국",1
"조학자","장정국",1
"국정환","장정국",1
"박용팔","장정국",1
"문미봉","장정국",1
"공호석","이철민",1
"강신일","이철민",1
"이엘","이철민",1
"유준상","이철민",1
"주진모-1","이철민",1
"정재영","이철민",1
"원웅재","이철민",1
"고창석","이철민",1
"장영남","이철민",1
"정규수","이철민",1
"하정우","이철민",1
"류승룡","이철민",1
"김종수","이철민",1
"이해영","이철민",1
"이한위","이철민",1
"조재윤","성민수",1
"김의성","백현진",1
"곽자형","백현진",1
"윤진서","백현진",1
"유준상","백현진",1
"한예리","백현진",1
"박해일","백현진",1
"김희원","이용이",1
"신하균","이용이",1
"심이영","이용이",1
"김일우","이용이",1
"조덕현","이용이",1
"유승목","이용이",1
"전국환","이용이",1
"민경진","이용이",1
"공효진","이용이",1
"신구","이용이",1
"서영희","이용이",1
"유순철","민경진",1
"설경구","민경진",1
"엄지성","민경진",1
"문성근","민경진",1
"박중훈","민경진",1
"방은희","민경진",1
"안석환","민경진",1
"이두일","민경진",1
"김일우","민경진",1
"최정우","민경진",1
"박철민","민경진",1
"권태원","민경진",1
"김기천","민경진",1
"박길수","민경진",1
"이용이","민경진",1
"허준호","민경진",1
"정인기","민경진",1
"정우혁","민경진",1
"이용녀","민경진",1
"하정우","민경진",1
"기주봉","민경진",1
"박충선","민경진",1
"홍석연","민경진",1
"최진호","최병모",1
"이경영","최병모",1
"박정민","최병모",1
"박수영","최병모",1
"박지환","최병모",1
"주지훈","최병모",1
"김재록","이상희",1
"임형국","이상희",1
"조희봉","우현",1
"예지원","우현",1
"이범수","우현",1
"임창정","우현",1
"백윤식","우현",1
"박근형","우현",1
"김명민","우현",1
"정경호-1","우현",1
"오달수","우현",1
"최무성","우현",1
"김유정","우현",1
"안내상","우현",1
"김뢰하","우현",1
"변희봉","우현",1
"성동일","전수경",1
"강신일","원웅재",1
"강성진","원웅재",1
"신하균","원웅재",1
"정웅인","원웅재",1
"이철민","원웅재",1
"오정세","원웅재",1
"기주봉","원웅재",1
"이해룡","전숙",1
"최종원","전숙",1
"윤일주","전숙",1
"조학자","전숙",1
"이석구","전숙",1
"나갑성","전숙",1
"정영국","전숙",1
"조주미","전숙",1
"박용팔","전숙",1
"서평석","정영국",1
"이해룡","정영국",1
"양택조","정영국",1
"조선묵","정영국",1
"안진수","정영국",1
"조학자","정영국",1
"한명환","정영국",1
"전숙","정영국",1
"조주미","정영국",1
"유일문","정영국",1
"송금식","정영국",1
"주호성","정영국",1
"박예숙","정영국",1
"박용팔","정영국",1
"오희찬","최민",1
"나갑성","최민",1
"송금식","최민",1
"심형래","박동룡",1
"김기주","박동룡",1
"안진수","박동룡",1
"진봉진","박동룡",1
"윤일주","박동룡",1
"오희찬","박동룡",1
"정봉연","박동룡",1
"주상호","박동룡",1
"조학자","박동룡",1
"이석구","박동룡",1
"김성수","박동룡",1
"나갑성","박동룡",1
"유일문","박동룡",1
"홍충길","박동룡",1
"최명호","박동룡",1
"이대근","박동룡",1
"장동일","박동룡",1
"홍윤정","박동룡",1
"박용팔","박동룡",1
"남포동","박동룡",1
"문미봉","박동룡",1
"양택조","유연실",1
"이무정","유연실",1
"이병헌","문창길",1
"기주봉","문창길",1
"이석구","이혜진",1
"박부양","이혜진",1
"김경진","이혜진",1
"이창훈","이혜진",1
"조형기","이혜진",1
"장동일","이혜진",1
"박예숙","이혜진",1
"서평석","조주미",1
"강수연","조주미",1
"김민종","조주미",1
"김혜수","조주미",1
"박중훈","조주미",1
"최진실","조주미",1
"이경영","조주미",1
"조선묵","조주미",1
"김일우","조주미",1
"최종원","조주미",1
"권병길","조주미",1
"김경란","조주미",1
"이석구","조주미",1
"전숙","조주미",1
"정영국","조주미",1
"박예숙","조주미",1
"박용팔","조주미",1
"이정희","최영준",1
"박세범","최영준",1
"이창훈","최영준",1
"장동일","최영준",1
"박지수","최영준",1
"김꽃비","김재록",1
"박사랑","김재록",1
"엄지성","김재록",1
"권해효","김재록",1
"황석정","김재록",1
"양익준","김재록",1
"이상희","김재록",1
"고규필","김재록",1
"박현영","김재록",1
"오정세","김재록",1
"김종수","김재록",1
"박희본","김재록",1
"김경익","김재록",1
"이칸희","이병준",1
"한석규","이병준",1
"정인기","이병준",1
"조하석","이재구",1
"이승준","이재구",1
"이엘","이재구",1
"한석규","이재구",1
"차승원","이재구",1
"심이영","이재구",1
"백윤식","이재구",1
"김구택","이재구",1
"김응수","이재구",1
"박노식","이재구",1
"한이진","이재구",1
"손병욱","이재구",1
"임원희","이재구",1
"조은지","이재구",1
"정인기","이재구",1
"문영동","이재구",1
"이미도","이재구",1
"예수정","이재구",1
"최덕문","이재구",1
"류승룡","이재구",1
"변희봉","이재구",1
"안진수","유일문",1
"윤일주","유일문",1
"조학자","유일문",1
"나갑성","유일문",1
"정영국","유일문",1
"박동룡","유일문",1
"최명호","유일문",1
"홍윤정","유일문",1
"주호성","유일문",1
"박용팔","유일문",1
"황정민-1","한기중",1
"박원상","한기중",1
"최무성","한기중",1
"한영수","김경진",1
"유성","김경진",1
"오희찬","김경진",1
"남정희","김경진",1
"김성수","김경진",1
"이혜진","김경진",1
"홍충길","김경진",1
"주호성","김경진",1
"남포동","김경진",1
"심형래","박세범",1
"김일우","박세범",1
"나갑성","박세범",1
"최영준","박세범",1
"이창훈","박세범",1
"송금식","박세범",1
"황정민-1","김병옥",1
"김해숙","김병옥",1
"손종학","김병옥",1
"배성우","김병옥",1
"조우진","김병옥",1
"이엘","김병옥",1
"김원해","김병옥",1
"김래원","김병옥",1
"김의성","김병옥",1
"신하균","김병옥",1
"이범수","김병옥",1
"이병헌","김병옥",1
"이정재","김병옥",1
"정준호","김병옥",1
"최민식","김병옥",1
"강동원","김병옥",1
"김수로","김병옥",1
"이경영","김병옥",1
"백윤식","김병옥",1
"김대명","김병옥",1
"주진모-1","김병옥",1
"김성균","김병옥",1
"김응수","김병옥",1
"조덕현","김병옥",1
"박철민","김병옥",1
"조원희","김병옥",1
"지대한","김병옥",1
"오달수","김병옥",1
"김기천","김병옥",1
"김홍파","김병옥",1
"박길수","김병옥",1
"김정태","김병옥",1
"조진웅","김병옥",1
"마동석","김병옥",1
"조승우","김병옥",1
"조재윤","김병옥",1
"이성민","김병옥",1
"정규수","김병옥",1
"송영창","김병옥",1
"윤지혜","김병옥",1
"박지환","김병옥",1
"남일우","김병옥",1
"김중기","김병옥",1
"정만식","김병옥",1
"김종수","김병옥",1
"진용욱","김병옥",1
"박진우","김병옥",1
"임현성","김병옥",1
"김해숙","김정태",1
"김래원","김정태",1
"성동일","김정태",1
"지대한","김정태",1
"김기천","김정태",1
"김민재","김정태",1
"김병옥","김정태",1
"조재윤","김정태",1
"오정세","김정태",1
"정만식","김정태",1
"엄지원","김정태",1
"박충선","김정태",1
"방은희","이성훈",1
"전무송","이성훈",1
"김경룡","이성훈",1
"송금식","이성훈",1
"박원상","조성하",1
"박지일","조성하",1
"이재용","조성하",1
"장현성","조성하",1
"유승목","조성하",1
"김민재","조성하",1
"김세동","조성하",1
"유다인","조성하",1
"손병호","조성하",1
"박충선","조성하",1
"오광록","조성하",1
"김인권","이종혁",1
"김뢰하","이종혁",1
"김인권","최재환",1
"권상우","최재환",1
"김기연","최재환",1
"신철진","정재진",1
"기주봉","정재진",1
"권율","조진웅",1
"이제훈","조진웅",1
"이승준","조진웅",1
"김영애","조진웅",1
"서현우","조진웅",1
"안성기","조진웅",1
"최민식","조진웅",1
"이경영","조진웅",1
"조선묵","조진웅",1
"조한선","조진웅",1
"주진모-1","조진웅",1
"김성균","조진웅",1
"박해준","조진웅",1
"김영민","조진웅",1
"조복래","조진웅",1
"한이진","조진웅",1
"진경","조진웅",1
"오달수","조진웅",1
"권태원","조진웅",1
"김기천","조진웅",1
"신정근","조진웅",1
"김종구","조진웅",1
"김병옥","조진웅",1
"김동영","조진웅",1
"마동석","조진웅",1
"최무성","조진웅",1
"고창석","조진웅",1
"정인기","조진웅",1
"문영동","조진웅",1
"김윤성","조진웅",1
"김광규","조진웅",1
"이성민","조진웅",1
"곽도원","조진웅",1
"이도경","조진웅",1
"박병은","조진웅",1
"정규수","조진웅",1
"송영창","조진웅",1
"하정우","조진웅",1
"신동미","조진웅",1
"정만식","조진웅",1
"최덕문","조진웅",1
"류승룡","조진웅",1
"김종수","조진웅",1
"최규환","조진웅",1
"김태훈","조진웅",1
"임현성","조진웅",1
"이해영","조진웅",1
"조진웅","김동영",1
"김응수","조승연",1
"성동일","남명렬",1
"박해일","남명렬",1
"강신일","김정팔",1
"임창정","김정팔",1
"김새벽","김정팔",1
"김강우","김정팔",1
"최홍일","김정팔",1
"김기천","김정팔",1
"조덕제","김정팔",1
"유승목","김정팔",1
"최종률","김정팔",1
"이영란","김정팔",1
"류승룡","김정팔",1
"김경익","김정팔",1
"조원희","신현탁",1
"권상우","신현탁",1
"김윤성","신현탁",1
"이한위","신현탁",1
"김수미","임형준",1
"신현준","임형준",1
"김수로","임형준",1
"서태화","임형준",1
"공형진","임형준",1
"김해곤","임형준",1
"김광규","임형준",1
"신이","임형준",1
"이범수","장혁",1
"이은우","신민아",1
"김수로","신민아",1
"공효진","신민아",1
"박해일","신민아",1
"박효준","권상우",1
"김인권","권상우",1
"김하늘","권상우",1
"송승헌","권상우",1
"이범수","권상우",1
"성동일","권상우",1
"김일우","권상우",1
"최재환","권상우",1
"신현탁","권상우",1
"정규수","권상우",1
"서영희","권상우",1
"이한위","권상우",1
"이용이","공효진",1
"신민아","공효진",1
"이영진","공효진",1
"하정우","공효진",1
"봉태규","공효진",1
"장항선","허준호",1
"유순철","허준호",1
"설경구","허준호",1
"강신일","허준호",1
"문성근","허준호",1
"심혜진","허준호",1
"안성기","허준호",1
"안석환","허준호",1
"박광정","허준호",1
"김보성","허준호",1
"김상호","허준호",1
"이두일","허준호",1
"정성모","허준호",1
"조원희","허준호",1
"정재영","허준호",1
"민경진","허준호",1
"독고영재","허준호",1
"박준규","허준호",1
"권용운","허준호",1
"박용팔","허준호",1
"남포동","허준호",1
"조영진","문소리",1
"설경구","문소리",1
"진선규","문소리",1
"최민식","문소리",1
"유준상","문소리",1
"권해효","문소리",1
"주진모-1","문소리",1
"오달수","문소리",1
"김홍파","문소리",1
"박길수","문소리",1
"유승목","문소리",1
"최무성","문소리",1
"고창석","문소리",1
"박명신","문소리",1
"김학선","문소리",1
"정우혁","문소리",1
"곽도원","문소리",1
"박병은","문소리",1
"조한철","문소리",1
"한예리","문소리",1
"윤여정","문소리",1
"기주봉","문소리",1
"정유미","문소리",1
"봉태규","문소리",1
"손병호","문소리",1
"엄태웅","문소리",1
"라미란","문소리",1
"유지태","김혜나",1
"정인기","김혜나",1
"이용녀","김혜나",1
"기주봉","김혜나",1
"박상면","공정환",1
"이경영","공정환",1
"주진모-1","공정환",1
"현빈","공정환",1
"유해진","공정환",1
"송영창","공정환",1
"박진우","공정환",1
"손병호","공정환",1
"공호석","임원희",1
"신하균","임원희",1
"김수로","임원희",1
"이경영","임원희",1
"김강우","임원희",1
"장현성","임원희",1
"정재영","임원희",1
"이재구","임원희",1
"마동석","임원희",1
"백도빈","임원희",1
"장영남","임원희",1
"윤주상","임원희",1
"김동욱","임원희",1
"주지훈","임원희",1
"변희봉","임원희",1
"윤주상","전헌태",1
"나문희","김선아",1
"공유","김선아",1
"천우희","김정영",1
"박지아","김정영",1
"한이진","김정영",1
"이성민","김정영",1
"최덕문","김정영",1
"김영호","김규리",1
"박원상","김규리",1
"김강우","김규리",1
"이영진","김규리",1
"김뢰하","김규리",1
"신하균","조은지",1
"김상호","조은지",1
"김응수","조은지",1
"김종구","조은지",1
"이재구","조은지",1
"이영진","조은지",1
"성지루","조은지",1
"조상건","조은지",1
"오정세","조은지",1
"이미도","조은지",1
"이봉규","조은지",1
"정석용","조은지",1
"이희준","이영진",1
"공효진","이영진",1
"김규리","이영진",1
"조은지","이영진",1
"황정민-1","성지루",1
"설경구","성지루",1
"강신일","성지루",1
"김인권","성지루",1
"차승원","성지루",1
"이성재","성지루",1
"유준상","성지루",1
"정웅인","성지루",1
"김인문","성지루",1
"이요원","성지루",1
"조은지","성지루",1
"조상건","성지루",1
"유해진","성지루",1
"박상욱","성지루",1
"김종수","성지루",1
"봉태규","성지루",1
"안내상","성지루",1
"박사랑","고규필",1
"엄지성","고규필",1
"손병욱","고규필",1
"김재록","고규필",1
"이희준","마동석",1
"최귀화","마동석",1
"황정민-1","마동석",1
"권율","마동석",1
"엄지성","마동석",1
"임하룡","마동석",1
"천호진","마동석",1
"곽자형","마동석",1
"주진모-1","마동석",1
"김성균","마동석",1
"김구택","마동석",1
"김영민","마동석",1
"허성태","마동석",1
"김수안","마동석",1
"박소담","마동석",1
"윤계상","마동석",1
"김민재","마동석",1
"김수현","마동석",1
"김종구","마동석",1
"김병옥","마동석",1
"조진웅","마동석",1
"임원희","마동석",1
"정인기","마동석",1
"오정세","마동석",1
"이성민","마동석",1
"곽도원","마동석",1
"장영남","마동석",1
"장혁진","마동석",1
"예수정","마동석",1
"곽인준","마동석",1
"송영창","마동석",1
"하정우","마동석",1
"정만식","마동석",1
"주지훈","마동석",1
"고수","마동석",1
"엄정화","설지윤",1
"김민종","독고영재",1
"문성근","독고영재",1
"방은희","독고영재",1
"강신성일","독고영재",1
"심혜진","독고영재",1
"안성기","독고영재",1
"김보성","독고영재",1
"양택조","독고영재",1
"이경영","독고영재",1
"김일우","독고영재",1
"박근형","독고영재",1
"박길수","독고영재",1
"허준호","독고영재",1
"박준규","독고영재",1
"이기영","독고영재",1
"권용운","독고영재",1
"조희봉","정성화",1
"김원해","정성화",1
"이경영","정성화",1
"박철민","정성화",1
"신정근","정성화",1
"이대연","정성화",1
"안내상","정성화",1
"배성우","조승우",1
"조우진","조승우",1
"이엘","조승우",1
"김의성","조승우",1
"이병헌","조승우",1
"이경영","조승우",1
"백윤식","조승우",1
"김대명","조승우",1
"김영민","조승우",1
"김홍파","조승우",1
"김병옥","조승우",1
"조재윤","조승우",1
"남일우","조승우",1
"정만식","조승우",1
"박진우","조승우",1
"엄상현","이장원",1
"신용우","이장원",1
"박부양","이창훈",1
"나갑성","이창훈",1
"이혜진","이창훈",1
"최영준","이창훈",1
"박세범","이창훈",1
"장동일","이창훈",1
"권용운","이창훈",1
"박용팔","이창훈",1
"주상호","홍충길",1
"조학자","홍충길",1
"이석구","홍충길",1
"김성수","홍충길",1
"나갑성","홍충길",1
"박동룡","홍충길",1
"김경진","홍충길",1
"홍윤정","홍충길",1
"안병경","홍충길",1
"남포동","홍충길",1
"문미봉","홍충길",1
"강신성일","임옥경",1
"남포동","임옥경",1
"강신일","유선",1
"정재영","유선",1
"김인권","박효주",1
"박수영","박효주",1
"이준혁","박효주",1
"유해진","박효주",1
"정인기","박효주",1
"김윤석","박효주",1
"오정세","박효주",1
"조한철","박효주",1
"서영희","박효주",1
"배성우","조재윤",1
"조우진","조재윤",1
"이엘","조재윤",1
"김의성","조재윤",1
"이병헌","조재윤",1
"성동일","조재윤",1
"이경영","조재윤",1
"백윤식","조재윤",1
"박원상","조재윤",1
"김대명","조재윤",1
"김성균","조재윤",1
"조덕현","조재윤",1
"김기천","조재윤",1
"김홍파","조재윤",1
"유승목","조재윤",1
"김민재","조재윤",1
"박희순","조재윤",1
"성민수","조재윤",1
"김병옥","조재윤",1
"김정태","조재윤",1
"조승우","조재윤",1
"김상경","조재윤",1
"남일우","조재윤",1
"정만식","조재윤",1
"기주봉","조재윤",1
"박진우","조재윤",1
"배성우","이준혁",1
"서영화","이준혁",1
"이설구","이준혁",1
"이제훈","이준혁",1
"김원해","이준혁",1
"조재현","이준혁",1
"김수로","이준혁",1
"동방우","이준혁",1
"성유빈","이준혁",1
"김강우","이준혁",1
"박근형","이준혁",1
"정호빈","이준혁",1
"박수영","이준혁",1
"오달수","이준혁",1
"김기천","이준혁",1
"유승목","이준혁",1
"박효주","이준혁",1
"고창석","이준혁",1
"유해진","이준혁",1
"박성웅","이준혁",1
"김윤석","이준혁",1
"곽도원","이준혁",1
"장영남","이준혁",1
"박혁권","이준혁",1
"엄정화","이준혁",1
"오성태","이준혁",1
"고수희","이준혁",1
"조한철","이준혁",1
"곽인준","이준혁",1
"송영창","이준혁",1
"이종구","이준혁",1
"기주봉","이준혁",1
"김민준","이준혁",1
"라미란","이준혁",1
"김재록","박현영",1
"서영희","박현영",1
"김혜수","조상건",1
"천호진","조상건",1
"백윤식","조상건",1
"김상호","조상건",1
"김응수","조상건",1
"조은지","조상건",1
"성지루","조상건",1
"유해진","조상건",1
"최귀화","최무성",1
"류승범","최무성",1
"이경영","최무성",1
"이재용","최무성",1
"김명민","최무성",1
"오달수","최무성",1
"이천희","최무성",1
"박희순","최무성",1
"우현","최무성",1
"한기중","최무성",1
"조진웅","최무성",1
"문소리","최무성",1
"김준배","최무성",1
"김학선","최무성",1
"오정세","최무성",1
"이성민","최무성",1
"엄정화","최무성",1
"이민기","최무성",1
"김중기","최무성",1
"이선균","최무성",1
"유승호","고창석",1
"공호석","고창석",1
"설경구","고창석",1
"송재호","고창석",1
"이범수","고창석",1
"정진영","고창석",1
"성동일","고창석",1
"주진모-1","고창석",1
"차태현","고창석",1
"오달수","고창석",1
"박희순","고창석",1
"전국환","고창석",1
"김병철","고창석",1
"신정근","고창석",1
"이철민","고창석",1
"조진웅","고창석",1
"문소리","고창석",1
"이준혁","고창석",1
"정인기","고창석",1
"오정세","고창석",1
"장영남","고창석",1
"김옥빈","고창석",1
"최일화","고창석",1
"강예원","고창석",1
"김종수","고창석",1
"조달환","고창석",1
"라미란","고창석",1
"강리나","최명호",1
"안진수","최명호",1
"박동룡","최명호",1
"유일문","최명호",1
"송금식","최명호",1
"홍윤정","최명호",1
"이무정","최명호",1
"장항선","유해진",1
"이희준","유해진",1
"황정민-1","유해진",1
"설경구","유해진",1
"강신일","유해진",1
"배성우","유해진",1
"엄태구","유해진",1
"조우진","유해진",1
"강성진","유해진",1
"김원해","유해진",1
"김의성","유해진",1
"김혜수","유해진",1
"박용우","유해진",1
"서현우","유해진",1
"송승헌","유해진",1
"정진영","유해진",1
"차승원","유해진",1
"천호진","유해진",1
"성동일","유해진",1
"이경영","유해진",1
"이성재","유해진",1
"김상호","유해진",1
"박지아","유해진",1
"주진모-1","유해진",1
"박정학","유해진",1
"김응수","유해진",1
"이동휘","유해진",1
"김주혁","유해진",1
"박철민","유해진",1
"진경","유해진",1
"이승훈","유해진",1
"오달수","유해진",1
"권태원","유해진",1
"정재영","유해진",1
"신정근","유해진",1
"공정환","유해진",1
"성지루","유해진",1
"박효주","유해진",1
"이준혁","유해진",1
"조상건","유해진",1
"김준배","유해진",1
"윤다경","유해진",1
"김윤석","유해진",1
"오정세","유해진",1
"장영남","유해진",1
"이문식","유해진",1
"박혁권","유해진",1
"이용녀","유해진",1
"이원종","유해진",1
"정규수","유해진",1
"송영창","유해진",1
"김정학","유해진",1
"정만식","유해진",1
"나문희","유해진",1
"김남길","유해진",1
"김종수","유해진",1
"박진우","유해진",1
"안내상","유해진",1
"박충선","유해진",1
"변희봉","유해진",1
"정석용","유해진",1
"조희봉","정인기",1
"이희준","정인기",1
"문정희","정인기",1
"설경구","정인기",1
"강신일","정인기",1
"배호근","정인기",1
"이제훈","정인기",1
"김인권","정인기",1
"한석규","정인기",1
"송재호","정인기",1
"안성기","정인기",1
"차승원","정인기",1
"성동일","정인기",1
"이경영","정인기",1
"정우성","정인기",1
"박원상","정인기",1
"오지혜","정인기",1
"윤진서","정인기",1
"차인표","정인기",1
"최정우","정인기",1
"조덕현","정인기",1
"김명민","정인기",1
"권병길","정인기",1
"박철민","정인기",1
"권태원","정인기",1
"유승목","정인기",1
"전국환","정인기",1
"김세동","정인기",1
"신정근","정인기",1
"민경진","정인기",1
"이병준","정인기",1
"이재구","정인기",1
"조진웅","정인기",1
"김혜나","정인기",1
"마동석","정인기",1
"박효주","정인기",1
"고창석","정인기",1
"박명신","정인기",1
"윤다경","정인기",1
"김윤석","정인기",1
"오정세","정인기",1
"한철우","정인기",1
"차수연","정인기",1
"김옥빈","정인기",1
"양은용","정인기",1
"조한철","정인기",1
"강현중","정인기",1
"예수정","정인기",1
"장광","정인기",1
"송영창","정인기",1
"한예리","정인기",1
"하정우","정인기",1
"손예진","정인기",1
"류승룡","정인기",1
"기주봉","정인기",1
"홍석연","정인기",1
"고수","정인기",1
"황정민-1","박성웅",1
"배성우","박성웅",1
"김의성","박성웅",1
"주진모-1","박성웅",1
"김강우","박성웅",1
"현빈","박성웅",1
"김홍파","박성웅",1
"김민재","박성웅",1
"이준혁","박성웅",1
"이도경","박성웅",1
"오대환","박성웅",1
"최일화","박성웅",1
"장광","박성웅",1
"송영창","박성웅",1
"박지환","박성웅",1
"기주봉","박성웅",1
"고수","박성웅",1
"예지원","백도빈",1
"백윤식","백도빈",1
"김상호","백도빈",1
"주진모-1","백도빈",1
"조덕현","백도빈",1
"김기천","백도빈",1
"임원희","백도빈",1
"조하석","문영동",1
"이승준","문영동",1
"김구택","문영동",1
"박노식","문영동",1
"김병철","문영동",1
"이재구","문영동",1
"조진웅","문영동",1
"류승룡","문영동",1
"문성근","송선미",1
"기주봉","송선미",1
"문성근","김준배",1
"박희순","김준배",1
"정재영","김준배",1
"최무성","김준배",1
"유해진","김준배",1
"김학선","김준배",1
"박혁권","김준배",1
"박해일","김준배",1
"최덕문","김준배",1
"설경구","박명신",1
"이주승","박명신",1
"문성근","박명신",1
"추귀정","박명신",1
"최종률","박명신",1
"김세동","박명신",1
"문소리","박명신",1
"정인기","박명신",1
"이성민","박명신",1
"박혁권","박명신",1
"전혜진","박명신",1
"이대연","박명신",1
"최덕문","박명신",1
"기주봉","박명신",1
"안내상","박명신",1
"손병호","박명신",1
"유아인","박명신",1
"정석용","박명신",1
"배성우","윤다경",1
"장유","윤다경",1
"김대명","윤다경",1
"유해진","윤다경",1
"정인기","윤다경",1
"예수정","윤다경",1
"고수","윤다경",1
"이희준","김윤석",1
"김해숙","김윤석",1
"문정희","김윤석",1
"진선규","김윤석",1
"조우진","김윤석",1
"김의성","김윤석",1
"김혜수","김윤석",1
"이정재","김윤석",1
"전지현","김윤석",1
"강동원","김윤석",1
"백윤식","김윤석",1
"김상호","김윤석",1
"주진모-1","김윤석",1
"김성균","김윤석",1
"김호정","김윤석",1
"장현성","김윤석",1
"박수영","김윤석",1
"오달수","김윤석",1
"권태원","김윤석",1
"유승목","김윤석",1
"박희순","김윤석",1
"박효주","김윤석",1
"이준혁","김윤석",1
"유해진","김윤석",1
"정인기","김윤석",1
"곽도원","김윤석",1
"예수정","김윤석",1
"정민성","김윤석",1
"송영창","김윤석",1
"한예리","김윤석",1
"하정우","김윤석",1
"선우선","김윤석",1
"문소리","김학선",1
"최무성","김학선",1
"김준배","김학선",1
"박해일","김학선",1
"이정재","김윤성",1
"조원희","김윤성",1
"조진웅","김윤성",1
"신현탁","김윤성",1
"김홍파","남문철",1
"곽도원","남문철",1
"송영창","남문철",1
"한수연","남문철",1
"박중훈","정우혁",1
"박원상","정우혁",1
"김미영","정우혁",1
"이천희","정우혁",1
"유승목","정우혁",1
"민경진","정우혁",1
"문소리","정우혁",1
"정희태","강기화",1
"조희봉","오정세",1
"이하늬","오정세",1
"이엘","오정세",1
"김원해","오정세",1
"김인권","오정세",1
"박용우","오정세",1
"차승원","오정세",1
"하지원","오정세",1
"류승범","오정세",1
"이솜","오정세",1
"이경영","오정세",1
"박원상","오정세",1
"김상호","오정세",1
"안재홍","오정세",1
"최주봉","오정세",1
"공형진","오정세",1
"김응수","오정세",1
"이동휘","오정세",1
"김주혁","오정세",1
"박철민","오정세",1
"권태원","오정세",1
"김민재","오정세",1
"박희순","오정세",1
"양익준","오정세",1
"원웅재","오정세",1
"김재록","오정세",1
"김정태","오정세",1
"조은지","오정세",1
"마동석","오정세",1
"박효주","오정세",1
"최무성","오정세",1
"고창석","오정세",1
"유해진","오정세",1
"정인기","오정세",1
"이성민","오정세",1
"이미도","오정세",1
"엄정화","오정세",1
"김옥빈","오정세",1
"양은용","오정세",1
"문원주","오정세",1
"정만식","오정세",1
"류승룡","오정세",1
"조달환","오정세",1
"박희본","오정세",1
"한수연","오정세",1
"송새벽","오정세",1
"류현경","오정세",1
"전도연","김광규",1
"김상호","김광규",1
"김기천","김광규",1
"조진웅","김광규",1
"임형준","김광규",1
"고수희","김광규",1
"나문희","김광규",1
"김동욱","김광규",1
"이한위","김광규",1
"라미란","김광규",1
"이희준","이성민",1
"황정민-1","이성민",1
"조영진","이성민",1
"문정희","이성민",1
"강신일","이성민",1
"조우진","이성민",1
"김원해","이성민",1
"송강호","이성민",1
"신하균","이성민",1
"강동원","이성민",1
"이경영","이성민",1
"김대명","이성민",1
"주진모-1","이성민",1
"김성균","이성민",1
"오달수","이성민",1
"김홍파","이성민",1
"김병옥","이성민",1
"조진웅","이성민",1
"김정영","이성민",1
"마동석","이성민",1
"최무성","이성민",1
"박명신","이성민",1
"오정세","이성민",1
"엄정화","이성민",1
"송영창","이성민",1
"전혜진","이성민",1
"민성욱","이성민",1
"정만식","이성민",1
"이대연","이성민",1
"최덕문","이성민",1
"류승룡","이성민",1
"김종수","이성민",1
"임현성","이성민",1
"김뢰하","이성민",1
"송새벽","이성민",1
"황정민-1","곽도원",1
"정원중","곽도원",1
"이제훈","곽도원",1
"김원해","곽도원",1
"최민식","곽도원",1
"이경영","곽도원",1
"정우성","곽도원",1
"김기천","곽도원",1
"김홍파","곽도원",1
"조진웅","곽도원",1
"문소리","곽도원",1
"마동석","곽도원",1
"이준혁","곽도원",1
"김윤석","곽도원",1
"남문철","곽도원",1
"박병은","곽도원",1
"송영창","곽도원",1
"하정우","곽도원",1
"박지환","곽도원",1
"정만식","곽도원",1
"김종수","곽도원",1
"공호석","장영남",1
"엄지성","장영남",1
"유연석","장영남",1
"김새론","장영남",1
"김윤진","장영남",1
"김하늘","장영남",1
"신하균","장영남",1
"김수로","장영남",1
"주진모-1","장영남",1
"정호빈","장영남",1
"오달수","장영남",1
"현빈","장영남",1
"유승목","장영남",1
"정재영","장영남",1
"이철민","장영남",1
"임원희","장영남",1
"마동석","장영남",1
"이준혁","장영남",1
"고창석","장영남",1
"유해진","장영남",1
"정규수","장영남",1
"심은경","장영남",1
"곽인준","장영남",1
"송영창","장영남",1
"강예원","장영남",1
"류승룡","장영남",1
"이해영","장영남",1
"이한위","장영남",1
"김향기","장영남",1
"이기우","정우",1
"강하늘","정우",1
"김원해","정우",1
"김인권","정우",1
"송승헌","정우",1
"조희봉","이도경",1
"박사랑","이도경",1
"김인권","이도경",1
"안성기","이도경",1
"전도연","이도경",1
"이경영","이도경",1
"성유빈","이도경",1
"김영민","이도경",1
"김민재","이도경",1
"정재영","이도경",1
"조진웅","이도경",1
"박성웅","이도경",1
"김명수","이도경",1
"김의성","한철우",1
"이경영","한철우",1
"정인기","한철우",1
"김혜수","조형기",1
"양택조","조형기",1
"최종원","조형기",1
"나갑성","조형기",1
"국정환","조형기",1
"이혜진","조형기",1
"한태일","조형기",1
"남포동","조형기",1
"이병헌","정선경",1
"정보석","정선경",1
"송옥숙","정선경",1
"이경영","정선경",1
"동방우","정선경",1
"설경구","이문식",1
"강신일","이문식",1
"강성진","이문식",1
"박신양","이문식",1
"정진영","이문식",1
"백윤식","이문식",1
"김여진","이문식",1
"김상호","이문식",1
"오달수","이문식",1
"신정근","이문식",1
"유해진","이문식",1
"이원종","이문식",1
"정규수","이문식",1
"길해연","이문식",1
"김형자","이문식",1
"안내상","이문식",1
"류승수","이문식",1
"이범수","손창민",1
"김보연","손창민",1
"김뢰하","손창민",1
"김지영","이대근",1
"양택조","이대근",1
"김기주","이대근",1
"김인문","이대근",1
"서창숙","이대근",1
"안진수","이대근",1
"이석구","이대근",1
"나갑성","이대근",1
"박동룡","이대근",1
"김형자","이대근",1
"양동근","반민정",1
"김갑수","정경순",1
"안성기","정경순",1
"이호재","정경순",1
"최동준","정경순",1
"안병경","정경순",1
"김명곤","최동준",1
"신현준","최동준",1
"양택조","최동준",1
"최종원","최동준",1
"주상호","최동준",1
"이인옥","최동준",1
"정경순","최동준",1
"안병경","최동준",1
"박충선","최동준",1
"강리나","송금식",1
"양택조","송금식",1
"김기주","송금식",1
"안진수","송금식",1
"진봉진","송금식",1
"이석구","송금식",1
"나갑성","송금식",1
"국정환","송금식",1
"정영국","송금식",1
"최민","송금식",1
"박세범","송금식",1
"이성훈","송금식",1
"최명호","송금식",1
"길달호","송금식",1
"박소담","진지희",1
"박해일","진지희",1
"정석용","진지희",1
"배성우","박혁권",1
"엄태구","박혁권",1
"송강호","박혁권",1
"이솜","박혁권",1
"성동일","박혁권",1
"최정우","박혁권",1
"김명민","박혁권",1
"김기천","박혁권",1
"유승목","박혁권",1
"이준혁","박혁권",1
"유해진","박혁권",1
"김준배","박혁권",1
"박명신","박혁권",1
"배용근","박혁권",1
"윤제문","박혁권",1
"조한철","박혁권",1
"예수정","박혁권",1
"길해연","박혁권",1
"조석현","박혁권",1
"하정우","박혁권",1
"유다인","박혁권",1
"정유미","박혁권",1
"박희본","박혁권",1
"김향기","박혁권",1
"정은표","엄춘배",1
"송옥숙","엄춘배",1
"권해효","엄춘배",1
"최종원","엄춘배",1
"이봉규","엄춘배",1
"천우희","이미도",1
"이경영","이미도",1
"박신혜","이미도",1
"김주혁","이미도",1
"박철민","이미도",1
"김민재","이미도",1
"이재구","이미도",1
"조은지","이미도",1
"오정세","이미도",1
"윤제문","이미도",1
"박영규","이미도",1
"문원주","이미도",1
"조달환","이미도",1
"진구","이미도",1
"송새벽","이미도",1
"엄태웅","이미도",1
"김명곤","이혜영",1
"이석구","이혜영",1
"박혁권","배용근",1
"조한철","배용근",1
"마동석","장혁진",1
"예수정","장혁진",1
"정인기","차수연",1
"김혜옥","박민지",1
"김강우","온주완",1
"남도형","엄상현",1
"김서영","엄상현",1
"이장원","엄상현",1
"정미숙","엄상현",1
"양정화","엄상현",1
"홍범기","엄상현",1
"신용우","엄상현",1
"주진모-1","정경호-2",1
"조희봉","엄정화",1
"황정민-1","엄정화",1
"박사랑","엄정화",1
"조우진","엄정화",1
"박용우","엄정화",1
"최민수","엄정화",1
"하지원","엄정화",1
"김주혁","엄정화",1
"설지윤","엄정화",1
"이준혁","엄정화",1
"최무성","엄정화",1
"오정세","엄정화",1
"이성민","엄정화",1
"성병숙","엄정화",1
"김유정","엄정화",1
"기주봉","엄정화",1
"라미란","엄정화",1
"최정우","태인호",1
"유재명","태인호",1
"서현우","김옥빈",1
"신하균","김옥빈",1
"김민희","김옥빈",1
"고창석","김옥빈",1
"정인기","김옥빈",1
"오정세","김옥빈",1
"이원종","김옥빈",1
"김서형","김옥빈",1
"윤여정","김옥빈",1
"안지혜","양은용",1
"정인기","양은용",1
"오정세","양은용",1
"임형국","양은용",1
"배성우","오대환",1
"조우진","오대환",1
"김의성","오대환",1
"성동일","오대환",1
"박정민","오대환",1
"박성웅","오대환",1
"박병은","오대환",1
"송영창","오대환",1
"김상경","오대환",1
"고아성","오대환",1
"기주봉","오대환",1
"안성기","최일화",1
"오달수","최일화",1
"고창석","최일화",1
"박성웅","최일화",1
"김중기","최일화",1
"조달환","최일화",1
"정원중","박영서",1
"차태현","박영서",1
"박철민","박영서",1
"이주실","박영서",1
"안길강","박영서",1
"류덕환","박영서",1
"김기방","박영서",1
"정석용","박영서",1
"강신철","박병은",1
"배성우","박병은",1
"진선규","박병은",1
"이제훈","박병은",1
"박종환","박병은",1
"김의성","박병은",1
"성동일","박병은",1
"허준석","박병은",1
"조복래","박병은",1
"김홍파","박병은",1
"김민희","박병은",1
"조진웅","박병은",1
"문소리","박병은",1
"곽도원","박병은",1
"오대환","박병은",1
"한예리","박병은",1
"하정우","박병은",1
"이민기","박병은",1
"김태훈","박병은",1
"이지훈","박병은",1
"라미란","박병은",1
"유순철","이용녀",1
"김해숙","이용녀",1
"안성기","이용녀",1
"김상호","이용녀",1
"김영민","이용녀",1
"권태원","이용녀",1
"김기천","이용녀",1
"안길강","이용녀",1
"김세동","이용녀",1
"민경진","이용녀",1
"김혜나","이용녀",1
"유해진","이용녀",1
"고수희","이용녀",1
"송영창","이용녀",1
"윤지혜","이용녀",1
"기주봉","이용녀",1
"임수정","이용녀",1
"심형래","장동일",1
"이정희","장동일",1
"주상호","장동일",1
"조학자","장동일",1
"이석구","장동일",1
"박동룡","장동일",1
"이혜진","장동일",1
"최영준","장동일",1
"이창훈","장동일",1
"박지수","장동일",1
"문미봉","장동일",1
"이설구","오성태",1
"이준혁","오성태",1
"라미란","오성태",1
"길달호","정인철",1
"안진수","홍윤정",1
"진봉진","홍윤정",1
"윤일주","홍윤정",1
"주상호","홍윤정",1
"나갑성","홍윤정",1
"박동룡","홍윤정",1
"유일문","홍윤정",1
"홍충길","홍윤정",1
"최명호","홍윤정",1
"안병경","홍윤정",1
"문미봉","홍윤정",1
"이정희","박지수",1
"최영준","박지수",1
"장동일","박지수",1
"김영옥","김정은",1
"박상욱","김정은",1
"변희봉","김정은",1
"김서영","정미숙",1
"엄상현","정미숙",1
"장광","정미숙",1
"소비아","신성하",1
"민복기","신성하",1
"유영국","신성하",1
"길달호","신성하",1
"황정민-1","성병숙",1
"김원해","성병숙",1
"김인권","성병숙",1
"하지원","성병숙",1
"엄정화","성병숙",1
"정규수","성병숙",1
"장광","성병숙",1
"이한위","성병숙",1
"라미란","성병숙",1
"배두나","고수희",1
"김상호","고수희",1
"이준혁","고수희",1
"김광규","고수희",1
"이용녀","고수희",1
"윤제문","고수희",1
"김뢰하","고수희",1
"변희봉","고수희",1
"황정민-1","윤제문",1
"설경구","윤제문",1
"강신일","윤제문",1
"김인권","윤제문",1
"송강호","윤제문",1
"송재호","윤제문",1
"김상호","윤제문",1
"오달수","윤제문",1
"유승목","윤제문",1
"전국환","윤제문",1
"오태경","윤제문",1
"박혁권","윤제문",1
"이미도","윤제문",1
"고수희","윤제문",1
"박해일","윤제문",1
"나문희","윤제문",1
"류승룡","윤제문",1
"정영기","윤제문",1
"진구","윤제문",1
"류승수","윤제문",1
"변희봉","윤제문",1
"문정희","조한철",1
"강신일","조한철",1
"엄지성","조한철",1
"이하늬","조한철",1
"최민식","조한철",1
"이경영","조한철",1
"공형진","조한철",1
"조덕현","조한철",1
"유승목","조한철",1
"김세동","조한철",1
"문소리","조한철",1
"박효주","조한철",1
"이준혁","조한철",1
"정인기","조한철",1
"박혁권","조한철",1
"배용근","조한철",1
"정민성","조한철",1
"송영창","조한철",1
"이대연","조한철",1
"박희본","조한철",1
"고서희","조한철",1
"남도형","양정화",1
"김서영","양정화",1
"엄상현","양정화",1
"홍범기","양정화",1
"신용우","양정화",1
"김성균","황보라",1
"정인기","강현중",1
"송영창","강현중",1
"김해숙","예수정",1
"배성우","예수정",1
"최진호","예수정",1
"김태우","예수정",1
"주진모-1","예수정",1
"김수안","예수정",1
"김응수","예수정",1
"오달수","예수정",1
"유승목","예수정",1
"이재구","예수정",1
"마동석","예수정",1
"정인기","예수정",1
"윤다경","예수정",1
"김윤석","예수정",1
"박혁권","예수정",1
"장혁진","예수정",1
"한예리","예수정",1
"하정우","예수정",1
"윤여정","예수정",1
"류승룡","예수정",1
"기주봉","예수정",1
"정유미","예수정",1
"정진영","이원종",1
"김수로","이원종",1
"박상면","이원종",1
"박지일","이원종",1
"홍경인","이원종",1
"이재용","이원종",1
"김인문","이원종",1
"유해진","이원종",1
"이문식","이원종",1
"김옥빈","이원종",1
"기주봉","이원종",1
"황정민-1","정규수",1
"공호석","정규수",1
"강신일","정규수",1
"박사랑","정규수",1
"강성진","정규수",1
"김원해","정규수",1
"김의성","정규수",1
"김인권","정규수",1
"박용우","정규수",1
"송강호","정규수",1
"송승헌","정규수",1
"신하균","정규수",1
"이정재","정규수",1
"정준호","정규수",1
"정진영","정규수",1
"차승원","정규수",1
"김수로","정규수",1
"박정민","정규수",1
"주진모-1","정규수",1
"오달수","정규수",1
"정재영","정규수",1
"신정근","정규수",1
"이철민","정규수",1
"김병옥","정규수",1
"조진웅","정규수",1
"권상우","정규수",1
"유해진","정규수",1
"장영남","정규수",1
"이문식","정규수",1
"성병숙","정규수",1
"송영창","정규수",1
"윤주상","정규수",1
"류승룡","정규수",1
"이해영","정규수",1
"류승수","정규수",1
"이한위","정규수",1
"엄태웅","정규수",1
"전배수","정규수",1
"라미란","정규수",1
"정석용","정규수",1
"김꽃비","길해연",1
"엄태구","길해연",1
"박해준","길해연",1
"최정우","길해연",1
"권병길","길해연",1
"이문식","길해연",1
"박혁권","길해연",1
"김형자","길해연",1
"임현성","길해연",1
"이하늬","심은경",1
"김원해","심은경",1
"유오성","심은경",1
"안재홍","심은경",1
"장영남","심은경",1
"류덕환","심은경",1
"류승룡","심은경",1
"성유빈","정민성",1
"손영순","정민성",1
"박노식","정민성",1
"오창경","정민성",1
"추귀정","정민성",1
"박길수","정민성",1
"김윤석","정민성",1
"조한철","정민성",1
"김경익","정민성",1
"엄태구","곽인준",1
"이경영","곽인준",1
"마동석","곽인준",1
"이준혁","곽인준",1
"장영남","곽인준",1
"김남길","곽인준",1
"김종수","곽인준",1
"홍여진","박준규",1
"김보성","박준규",1
"정성모","박준규",1
"허준호","박준규",1
"독고영재","박준규",1
"문성근","이기영",1
"송재호","이기영",1
"이경영","이기영",1
"조선묵","이기영",1
"안길강","이기영",1
"독고영재","이기영",1
"배성우","장광",1
"엄태구","장광",1
"김영애","장광",1
"성동일","장광",1
"이경영","장광",1
"주진모-1","장광",1
"김성균","장광",1
"박철민","장광",1
"김기천","장광",1
"정재영","장광",1
"신정근","장광",1
"정인기","장광",1
"박성웅","장광",1
"정미숙","장광",1
"성병숙","장광",1
"하정우","장광",1
"손예진","장광",1
"최원영","장광",1
"주지훈","장광",1
"이지훈","장광",1
"황정민-1","송영창",1
"정원중","송영창",1
"문정희","송영창",1
"강신일","송영창",1
"배성우","송영창",1
"조우진","송영창",1
"이하늬","송영창",1
"김영애","송영창",1
"김혜수","송영창",1
"송강호","송영창",1
"신하균","송영창",1
"안성기","송영창",1
"이병헌","송영창",1
"정진영","송영창",1
"차승원","송영창",1
"천호진","송영창",1
"강동원","송영창",1
"김수로","송영창",1
"이경영","송영창",1
"정우성","송영창",1
"박지일","송영창",1
"김대명","송영창",1
"주진모-1","송영창",1
"김성균","송영창",1
"정웅인","송영창",1
"김강우","송영창",1
"허성태","송영창",1
"조덕현","송영창",1
"이동휘","송영창",1
"최종원","송영창",1
"오달수","송영창",1
"권태원","송영창",1
"김기천","송영창",1
"유승목","송영창",1
"김민재","송영창",1
"김세동","송영창",1
"정재영","송영창",1
"김종구","송영창",1
"김병옥","송영창",1
"조진웅","송영창",1
"공정환","송영창",1
"마동석","송영창",1
"이준혁","송영창",1
"유해진","송영창",1
"정인기","송영창",1
"박성웅","송영창",1
"김윤석","송영창",1
"남문철","송영창",1
"이성민","송영창",1
"곽도원","송영창",1
"장영남","송영창",1
"오대환","송영창",1
"이용녀","송영창",1
"조한철","송영창",1
"강현중","송영창",1
"정규수","송영창",1
"하정우","송영창",1
"박해일","송영창",1
"김중기","송영창",1
"신구","송영창",1
"정만식","송영창",1
"윤주상","송영창",1
"류승룡","송영창",1
"기주봉","송영창",1
"이해영","송영창",1
"김유석","윤지혜",1
"배두나","윤지혜",1
"이미연","윤지혜",1
"김병옥","윤지혜",1
"이용녀","윤지혜",1
"정만식","윤지혜",1
"안진수","하재영",1
"배종옥","류덕환",1
"신하균","류덕환",1
"김지영","류덕환",1
"이솜","류덕환",1
"유준상","류덕환",1
"공형진","류덕환",1
"조덕현","류덕환",1
"강혜정","류덕환",1
"오달수","류덕환",1
"정재영","류덕환",1
"박영서","류덕환",1
"심은경","류덕환",1
"조석현","류덕환",1
"류승룡","류덕환",1
"이선균","류덕환",1
"이희준","한예리",1
"권율","한예리",1
"안성기","한예리",1
"이주실","한예리",1
"백현진","한예리",1
"문소리","한예리",1
"정인기","한예리",1
"김윤석","한예리",1
"박병은","한예리",1
"예수정","한예리",1
"김재화","한예리",1
"기주봉","한예리",1
"장유","조석현",1
"최정우","조석현",1
"김기천","조석현",1
"김민재","조석현",1
"전국환","조석현",1
"박혁권","조석현",1
"류덕환","조석현",1
"이종구","조석현",1
"정만식","조석현",1
"장동건","이영란",1
"동방우","이영란",1
"유승목","이영란",1
"남정희","이영란",1
"김정팔","이영란",1
"신현준","김학철",1
"동방우","김학철",1
"김명국","김학철",1
"최종원","김학철",1
"성동일","김성령",1
"김대명","김성령",1
"김주혁","김성령",1
"오달수","김성령",1
"김민재","김성령",1
"송새벽","김성령",1
"하정우","지진희",1
"염정아","지진희",1
"이석구","선우용여",1
"강성진","박영규",1
"김수로","박영규",1
"박상면","박영규",1
"이미도","박영규",1
"천호진","김시후",1
"박소담","김시후",1
"오달수","김시후",1
"강신철","하정우",1
"김의성","하정우",1
"전지현","하정우",1
"성동일","하정우",1
"이경영","하정우",1
"주진모-1","하정우",1
"김성균","하정우",1
"유하준","하정우",1
"오달수","하정우",1
"김홍파","하정우",1
"유승목","하정우",1
"박희순","하정우",1
"김종구","하정우",1
"이철민","하정우",1
"민경진","하정우",1
"조진웅","하정우",1
"공효진","하정우",1
"마동석","하정우",1
"정인기","하정우",1
"김윤석","하정우",1
"곽도원","하정우",1
"박혁권","하정우",1
"박병은","하정우",1
"예수정","하정우",1
"장광","하정우",1
"송영창","하정우",1
"지진희","하정우",1
"전혜진","하정우",1
"정만식","하정우",1
"김종수","하정우",1
"김동욱","하정우",1
"임현성","하정우",1
"이지훈","하정우",1
"정석용","하정우",1
"김민종","권용운",1
"이병헌","권용운",1
"최진실","권용운",1
"박광정","권용운",1
"양택조","권용운",1
"조선묵","권용운",1
"동방우","권용운",1
"김일우","권용운",1
"권병길","권용운",1
"허준호","권용운",1
"독고영재","권용운",1
"이창훈","권용운",1
"황정민-1","박지환",1
"김홍파","박지환",1
"최병모","박지환",1
"김병옥","박지환",1
"박성웅","박지환",1
"곽도원","박지환",1
"김종수","박지환",1
"김해숙","전혜진",1
"설경구","전혜진",1
"하지원","전혜진",1
"성동일","전혜진",1
"이경영","전혜진",1
"박원상","전혜진",1
"박명신","전혜진",1
"이성민","전혜진",1
"하정우","전혜진",1
"이대연","전혜진",1
"최덕문","전혜진",1
"김뢰하","전혜진",1
"이지훈","전혜진",1
"조우진","유재명",1
"김대명","유재명",1
"김성균","유재명",1
"김명민","유재명",1
"태인호","유재명",1
"이민기","유재명",1
"라미란","유재명",1
"양택조","주호성",1
"김희라","주호성",1
"윤일주","주호성",1
"김성수","주호성",1
"정영국","주호성",1
"유일문","주호성",1
"김경진","주호성",1
"한태일","주호성",1
"박용팔","주호성",1
"송재호","김상경",1
"안성기","김상경",1
"예지원","김상경",1
"박철민","김상경",1
"권태원","김상경",1
"조재윤","김상경",1
"오대환","김상경",1
"기주봉","김상경",1
"윤일주","김예령",1
"손병호","김예령",1
"김인권","이민기",1
"송재호","이민기",1
"최무성","이민기",1
"박병은","이민기",1
"유재명","이민기",1
"강예원","이민기",1
"강신일","김정학",1
"장동건","김정학",1
"이성재","김정학",1
"유해진","김정학",1
"김새벽","임형국",1
"이상희","임형국",1
"양은용","임형국",1
"설경구","박상욱",1
"정준호","박상욱",1
"박근형","박상욱",1
"성지루","박상욱",1
"김정은","박상욱",1
"이다윗","박해일",1
"이은우","박해일",1
"강신일","박해일",1
"김무열","박해일",1
"이승준","박해일",1
"송강호","박해일",1
"곽자형","박해일",1
"류승범","박해일",1
"이경영","박해일",1
"박원상","박해일",1
"김상호","박해일",1
"김강우","박해일",1
"김수안","박해일",1
"박노식","박해일",1
"김영재","박해일",1
"오달수","박해일",1
"박희순","박해일",1
"백현진","박해일",1
"남명렬","박해일",1
"신민아","박해일",1
"김준배","박해일",1
"김학선","박해일",1
"진지희","박해일",1
"윤제문","박해일",1
"송영창","박해일",1
"김중기","박해일",1
"정만식","박해일",1
"안내상","박해일",1
"김뢰하","박해일",1
"오광록","박해일",1
"변희봉","박해일",1
"이봉규","박해일",1
"전배수","박해일",1
"배성우","남일우",1
"조우진","남일우",1
"이엘","남일우",1
"김의성","남일우",1
"이병헌","남일우",1
"이경영","남일우",1
"백윤식","남일우",1
"김대명","남일우",1
"오달수","남일우",1
"김홍파","남일우",1
"김병옥","남일우",1
"조승우","남일우",1
"조재윤","남일우",1
"정만식","남일우",1
"박진우","남일우",1
"천우희","고아성",1
"배성우","고아성",1
"김의성","고아성",1
"송강호","고아성",1
"성동일","고아성",1
"박정민","고아성",1
"김상호","고아성",1
"박수영","고아성",1
"김민재","고아성",1
"오대환","고아성",1
"기주봉","고아성",1
"김뢰하","고아성",1
"서영화","신동미",1
"유준상","신동미",1
"조진웅","신동미",1
"차태현","손예진",1
"박철민","손예진",1
"지대한","손예진",1
"정인기","손예진",1
"장광","손예진",1
"김민재","이종구",1
"이준혁","이종구",1
"조석현","이종구",1
"정만식","이종구",1
"하지원","김유정",1
"성동일","김유정",1
"김상호","김유정",1
"정경호-1","김유정",1
"우현","김유정",1
"엄정화","김유정",1
"서영희","김유정",1
"박희순","유다인",1
"조성하","유다인",1
"박혁권","유다인",1
"기주봉","유다인",1
"이범수","김중기",1
"이정재","김중기",1
"정준호","김중기",1
"정진영","김중기",1
"박원상","김중기",1
"동방우","김중기",1
"박해준","김중기",1
"김영민","김중기",1
"박소담","김중기",1
"박철민","김중기",1
"조원희","김중기",1
"박희순","김중기",1
"김병옥","김중기",1
"최무성","김중기",1
"최일화","김중기",1
"송영창","김중기",1
"박해일","김중기",1
"진용욱","김중기",1
"오광록","김중기",1
"엄지성","손현주",1
"신하균","손현주",1
"신정근","손현주",1
"윤주상","손현주",1
"조달환","손현주",1
"최성국","손현주",1
"서영희","손현주",1
"서평석","한명구",1
"남정희","한명구",1
"박용팔","한명구",1
"류승범","김서형",1
"김옥빈","김서형",1
"김수로","신구",1
"동방우","신구",1
"정웅인","신구",1
"이용이","신구",1
"송영창","신구",1
"이한위","신구",1
"유순철","강예원",1
"김인권","강예원",1
"송재호","강예원",1
"하지원","강예원",1
"지대한","강예원",1
"도용구","강예원",1
"고창석","강예원",1
"장영남","강예원",1
"이민기","강예원",1
"이희준","민성욱",1
"이성민","민성욱",1
"최덕문","민성욱",1
"김주혁","문원주",1
"박철민","문원주",1
"오달수","문원주",1
"오정세","문원주",1
"이미도","문원주",1
"이희준","정만식",1
"황정민-1","정만식",1
"조영진","정만식",1
"배성우","정만식",1
"조우진","정만식",1
"이엘","정만식",1
"김수미","정만식",1
"김의성","정만식",1
"이병헌","정만식",1
"정진영","정만식",1
"천호진","정만식",1
"류승범","정만식",1
"성동일","정만식",1
"이경영","정만식",1
"백윤식","정만식",1
"박원상","정만식",1
"김상호","정만식",1
"김대명","정만식",1
"주진모-1","정만식",1
"김성균","정만식",1
"정웅인","정만식",1
"오달수","정만식",1
"김기천","정만식",1
"김홍파","정만식",1
"박길수","정만식",1
"유승목","정만식",1
"김민재","정만식",1
"신정근","정만식",1
"김종구","정만식",1
"김병옥","정만식",1
"김정태","정만식",1
"조진웅","정만식",1
"마동석","정만식",1
"조승우","정만식",1
"조재윤","정만식",1
"유해진","정만식",1
"오정세","정만식",1
"이성민","정만식",1
"곽도원","정만식",1
"송영창","정만식",1
"윤지혜","정만식",1
"조석현","정만식",1
"하정우","정만식",1
"박해일","정만식",1
"남일우","정만식",1
"이종구","정만식",1
"최규환","정만식",1
"박진우","정만식",1
"박보영","김기방",1
"황우슬혜","김기방",1
"이윤건","김기방",1
"지대한","김기방",1
"박영서","김기방",1
"주진모-1","선우선",1
"신정근","선우선",1
"도용구","선우선",1
"김윤석","선우선",1
"정석용","선우선",1
"박혜진","나문희",1
"안성기","나문희",1
"성동일","나문희",1
"박원상","나문희",1
"박철민","나문희",1
"김선아","나문희",1
"유해진","나문희",1
"김광규","나문희",1
"윤제문","나문희",1
"변희봉","나문희",1
"박중훈","윤문식",1
"안성기","윤문식",1
"황신혜","윤문식",1
"최종원","윤문식",1
"김갑수","윤주상",1
"김윤진","윤주상",1
"송강호","윤주상",1
"신은경","윤주상",1
"신하균","윤주상",1
"안성기","윤주상",1
"정은표","윤주상",1
"정진영","윤주상",1
"박용수","윤주상",1
"최종원","윤주상",1
"정두홍","윤주상",1
"진봉진","윤주상",1
"박길수","윤주상",1
"최학락","윤주상",1
"임원희","윤주상",1
"전헌태","윤주상",1
"정규수","윤주상",1
"송영창","윤주상",1
"손현주","윤주상",1
"손병호","윤주상",1
"천우희","한효주",1
"유연석","한효주",1
"강동원","한효주",1
"정우성","한효주",1
"김대명","한효주",1
"이동휘","한효주",1
"김강우","김효진",1
"방은희","김형자",1
"전무송","김형자",1
"양택조","김형자",1
"안진수","김형자",1
"이문식","김형자",1
"이대근","김형자",1
"길해연","김형자",1
"최재환","김기연",1
"서영화","윤여정",1
"예지원","윤여정",1
"이솜","윤여정",1
"유준상","윤여정",1
"김강우","윤여정",1
"권병길","윤여정",1
"오달수","윤여정",1
"김민희","윤여정",1
"문소리","윤여정",1
"김옥빈","윤여정",1
"예수정","윤여정",1
"기주봉","윤여정",1
"봉태규","윤여정",1
"황정민-2","윤여정",1
"안성기","김동수",1
"황정민-1","이대연",1
"강신일","이대연",1
"김태우","이대연",1
"송강호","이대연",1
"신하균","이대연",1
"이미연","이대연",1
"이병헌","이대연",1
"박정민","이대연",1
"박원상","이대연",1
"동방우","이대연",1
"최주봉","이대연",1
"박철민","이대연",1
"지대한","이대연",1
"박길수","이대연",1
"김세동","이대연",1
"황석정","이대연",1
"정성화","이대연",1
"박명신","이대연",1
"이성민","이대연",1
"조한철","이대연",1
"전혜진","이대연",1
"최덕문","이대연",1
"기주봉","이대연",1
"안내상","이대연",1
"이한위","이대연",1
"김해숙","최덕문",1
"김혜수","최덕문",1
"문성근","최덕문",1
"송강호","최덕문",1
"유지태","최덕문",1
"이정재","최덕문",1
"전지현","최덕문",1
"조재현","최덕문",1
"박원상","최덕문",1
"박노식","최덕문",1
"지대한","최덕문",1
"오달수","최덕문",1
"정희태","최덕문",1
"서진원","최덕문",1
"박희순","최덕문",1
"이재구","최덕문",1
"조진웅","최덕문",1
"김정영","최덕문",1
"김준배","최덕문",1
"박명신","최덕문",1
"이성민","최덕문",1
"전혜진","최덕문",1
"민성욱","최덕문",1
"이대연","최덕문",1
"이선균","최덕문",1
"조안","최덕문",1
"고서희","최덕문",1
"김경익","최덕문",1
"김수미","신이",1
"임창정","신이",1
"백일섭","신이",1
"임형준","신이",1
"최성국","신이",1
"이다윗","류승룡",1
"김영선","류승룡",1
"공호석","류승룡",1
"조하석","류승룡",1
"이광수","류승룡",1
"이승준","류승룡",1
"김원해","류승룡",1
"김인권","류승룡",1
"신하균","류승룡",1
"차승원","류승룡",1
"박원상","류승룡",1
"주진모-1","류승룡",1
"김구택","류승룡",1
"조덕현","류승룡",1
"박노식","류승룡",1
"한이진","류승룡",1
"유승목","류승룡",1
"정재영","류승룡",1
"신정근","류승룡",1
"이철민","류승룡",1
"이재구","류승룡",1
"조진웅","류승룡",1
"김정팔","류승룡",1
"정인기","류승룡",1
"문영동","류승룡",1
"오정세","류승룡",1
"이성민","류승룡",1
"장영남","류승룡",1
"윤제문","류승룡",1
"예수정","류승룡",1
"정규수","류승룡",1
"심은경","류승룡",1
"송영창","류승룡",1
"류덕환","류승룡",1
"김태훈","류승룡",1
"이해영","류승룡",1
"송새벽","류승룡",1
"류승수","류승룡",1
"이한위","류승룡",1
"설경구","김남길",1
"강신일","김남길",1
"이경영","김남길",1
"오달수","김남길",1
"정재영","김남길",1
"유해진","김남길",1
"곽인준","김남길",1
"황정민-1","김종수",1
"조우진","김종수",1
"김원해","김종수",1
"김의성","김종수",1
"박정민","김종수",1
"유준상","김종수",1
"김성균","김종수",1
"윤계상","김종수",1
"권태원","김종수",1
"이철민","김종수",1
"김재록","김종수",1
"김병옥","김종수",1
"조진웅","김종수",1
"성지루","김종수",1
"고창석","김종수",1
"유해진","김종수",1
"이성민","김종수",1
"곽도원","김종수",1
"곽인준","김종수",1
"하정우","김종수",1
"박지환","김종수",1
"손종학","조달환",1
"배성우","조달환",1
"유연석","조달환",1
"천호진","조달환",1
"이경영","조달환",1
"허준석","조달환",1
"김상호","조달환",1
"박신혜","조달환",1
"김주혁","조달환",1
"박철민","조달환",1
"오달수","조달환",1
"손병욱","조달환",1
"고창석","조달환",1
"오정세","조달환",1
"이미도","조달환",1
"최일화","조달환",1
"손현주","조달환",1
"김재화","조달환",1
"강진아","정영기",1
"이주승","정영기",1
"김영재","정영기",1
"박길수","정영기",1
"유승목","정영기",1
"윤제문","정영기",1
"강신철","김재화",1
"한예리","김재화",1
"조달환","김재화",1
"최규환","김재화",1
"이지훈","김재화",1
"서평석","박예숙",1
"박중훈","박예숙",1
"이해룡","박예숙",1
"동방우","박예숙",1
"최종원","박예숙",1
"권병길","박예숙",1
"김보연","박예숙",1
"안진수","박예숙",1
"윤일주","박예숙",1
"주상호","박예숙",1
"김경란","박예숙",1
"조학자","박예숙",1
"이석구","박예숙",1
"박부양","박예숙",1
"나갑성","박예숙",1
"한명환","박예숙",1
"정영국","박예숙",1
"이혜진","박예숙",1
"조주미","박예숙",1
"박용팔","박예숙",1
"문미봉","박예숙",1
"강리나","이무정",1
"이해룡","이무정",1
"한영수","이무정",1
"양택조","이무정",1
"안진수","이무정",1
"오희찬","이무정",1
"유연실","이무정",1
"최명호","이무정",1
"한태일","이무정",1
"남포동","이무정",1
"길달호","이무정",1
"양택조","한태일",1
"조형기","한태일",1
"주호성","한태일",1
"이무정","한태일",1
"박용팔","한태일",1
"서평석","박용팔",1
"문성근","박용팔",1
"배종옥","박용팔",1
"심형래","박용팔",1
"심혜진","박용팔",1
"안성기","박용팔",1
"임창정","박용팔",1
"정보석","박용팔",1
"송옥숙","박용팔",1
"양택조","박용팔",1
"이경영","박용팔",1
"조선묵","박용팔",1
"동방우","박용팔",1
"이두일","박용팔",1
"홍경인","박용팔",1
"김일우","박용팔",1
"김인문","박용팔",1
"권태원","박용팔",1
"안진수","박용팔",1
"윤일주","박용팔",1
"오희찬","박용팔",1
"주상호","박용팔",1
"이인옥","박용팔",1
"김경란","박용팔",1
"조학자","박용팔",1
"이석구","박용팔",1
"박부양","박용팔",1
"남정희","박용팔",1
"나갑성","박용팔",1
"국정환","박용팔",1
"한명환","박용팔",1
"장정국","박용팔",1
"전숙","박용팔",1
"정영국","박용팔",1
"박동룡","박용팔",1
"조주미","박용팔",1
"유일문","박용팔",1
"허준호","박용팔",1
"이창훈","박용팔",1
"주호성","박용팔",1
"한명구","박용팔",1
"박예숙","박용팔",1
"한태일","박용팔",1
"안병경","박용팔",1
"남포동","박용팔",1
"문미봉","박용팔",1
"이희준","기주봉",1
"서영화","기주봉",1
"김의성","기주봉",1
"박중훈","기주봉",1
"송강호","기주봉",1
"신하균","기주봉",1
"예지원","기주봉",1
"유오성","기주봉",1
"장동건","기주봉",1
"정진영","기주봉",1
"조재현","기주봉",1
"주진모-2","기주봉",1
"류승범","기주봉",1
"김영호","기주봉",1
"김새벽","기주봉",1
"서태화","기주봉",1
"정운택","기주봉",1
"유준상","기주봉",1
"김성균","기주봉",1
"이재용","기주봉",1
"김강우","기주봉",1
"김명민","기주봉",1
"김주혁","기주봉",1
"박철민","기주봉",1
"정경호-1","기주봉",1
"허기호","기주봉",1
"유승목","기주봉",1
"박희순","기주봉",1
"김민희","기주봉",1
"민경진","기주봉",1
"원웅재","기주봉",1
"문창길","기주봉",1
"정재진","기주봉",1
"문소리","기주봉",1
"김혜나","기주봉",1
"조재윤","기주봉",1
"이준혁","기주봉",1
"정인기","기주봉",1
"박성웅","기주봉",1
"송선미","기주봉",1
"박명신","기주봉",1
"엄정화","기주봉",1
"오대환","기주봉",1
"이용녀","기주봉",1
"예수정","기주봉",1
"이원종","기주봉",1
"송영창","기주봉",1
"한예리","기주봉",1
"김상경","기주봉",1
"고아성","기주봉",1
"유다인","기주봉",1
"윤여정","기주봉",1
"이대연","기주봉",1
"이선균","기주봉",1
"손병호","기주봉",1
"정석용","기주봉",1
"임창정","최성국",1
"손현주","최성국",1
"신이","최성국",1
"박진희","최원영",1
"정재영","최원영",1
"장광","최원영",1
"전무송","김세준",1
"김보성","김세준",1
"최주봉","김세준",1
"조희봉","염정아",1
"지진희","염정아",1
"임수정","염정아",1
"변희봉","염정아",1
"이경영","김동욱",1
"김응수","김동욱",1
"임원희","김동욱",1
"김광규","김동욱",1
"하정우","김동욱",1
"신성하","유영국",1
"이기우","임수정",1
"김상호","임수정",1
"권병길","임수정",1
"김기천","임수정",1
"이용녀","임수정",1
"염정아","임수정",1
"안성기","김형일",1
"김강우","주지훈",1
"최병모","주지훈",1
"임원희","주지훈",1
"마동석","주지훈",1
"장광","주지훈",1
"장유","정유미",1
"서영화","정유미",1
"박혜진","정유미",1
"문성근","정유미",1
"유준상","정유미",1
"문소리","정유미",1
"박혁권","정유미",1
"예수정","정유미",1
"이선균","정유미",1
"공유","정유미",1
"엄태웅","정유미",1
"유아인","정유미",1
"정석용","정유미",1
"김희원","엄지원",1
"임창정","엄지원",1
"김상호","엄지원",1
"오달수","엄지원",1
"권태원","엄지원",1
"김정태","엄지원",1
"장현성","최규환",1
"김기천","최규환",1
"조진웅","최규환",1
"정만식","최규환",1
"김재화","최규환",1
"이지훈","최규환",1
"차태현","박하선",1
"이범수","봉태규",1
"주진모-1","봉태규",1
"공효진","봉태규",1
"문소리","봉태규",1
"성지루","봉태규",1
"윤여정","봉태규",1
"고서희","봉태규",1
"신은경","안병경",1
"심혜진","안병경",1
"이대로","안병경",1
"이얼","안병경",1
"최종원","안병경",1
"주상호","안병경",1
"홍충길","안병경",1
"정경순","안병경",1
"최동준","안병경",1
"홍윤정","안병경",1
"박용팔","안병경",1
"문미봉","안병경",1
"이범수","진용욱",1
"이정재","진용욱",1
"정준호","진용욱",1
"박철민","진용욱",1
"조원희","진용욱",1
"김병옥","진용욱",1
"김중기","진용욱",1
"서영희","진용욱",1
"박소담","오희준",1
"이은우","김태훈",1
"이제훈","김태훈",1
"이승준","김태훈",1
"한이진","김태훈",1
"조진웅","김태훈",1
"박병은","김태훈",1
"류승룡","김태훈",1
"강신일","박진우",1
"손종학","박진우",1
"배성우","박진우",1
"조우진","박진우",1
"이엘","박진우",1
"김의성","박진우",1
"이병헌","박진우",1
"이경영","박진우",1
"백윤식","박진우",1
"김대명","박진우",1
"정웅인","박진우",1
"김주혁","박진우",1
"현빈","박진우",1
"김홍파","박진우",1
"김종구","박진우",1
"김병옥","박진우",1
"공정환","박진우",1
"조승우","박진우",1
"조재윤","박진우",1
"유해진","박진우",1
"남일우","박진우",1
"정만식","박진우",1
"이희준","이선균",1
"예지원","이선균",1
"유준상","이선균",1
"주진모-1","이선균",1
"성현아","이선균",1
"최무성","이선균",1
"류덕환","이선균",1
"최덕문","이선균",1
"기주봉","이선균",1
"정유미","이선균",1
"서평석","남포동",1
"박중훈","남포동",1
"송옥숙","남포동",1
"김보성","남포동",1
"양택조","남포동",1
"김일우","남포동",1
"김기주","남포동",1
"최종원","남포동",1
"주상호","남포동",1
"이석구","남포동",1
"국정환","남포동",1
"박동룡","남포동",1
"김경진","남포동",1
"허준호","남포동",1
"홍충길","남포동",1
"임옥경","남포동",1
"조형기","남포동",1
"이무정","남포동",1
"박용팔","남포동",1
"길달호","남포동",1
"김의성","공유",1
"백일섭","공유",1
"김선아","공유",1
"정유미","공유",1
"김혜옥","공유",1
"이승연","박희본",1
"양익준","박희본",1
"김재록","박희본",1
"오정세","박희본",1
"박혁권","박희본",1
"조한철","박희본",1
"서영희","박희본",1
"김성균","임현성",1
"김병옥","임현성",1
"조진웅","임현성",1
"이성민","임현성",1
"길해연","임현성",1
"하정우","임현성",1
"황정민-1","이해영",1
"공호석","이해영",1
"이승준","이해영",1
"김원해","이해영",1
"신하균","이해영",1
"이정현","이해영",1
"차승원","이해영",1
"주진모-1","이해영",1
"조복래","이해영",1
"조덕현","이해영",1
"지대한","이해영",1
"정재영","이해영",1
"이철민","이해영",1
"조진웅","이해영",1
"장영남","이해영",1
"정규수","이해영",1
"송영창","이해영",1
"류승룡","이해영",1
"이한위","이해영",1
"신현준","김혜옥",1
"전도연","김혜옥",1
"김영옥","김혜옥",1
"김영민","김혜옥",1
"강혜정","김혜옥",1
"박민지","김혜옥",1
"공유","김혜옥",1
"조희봉","안내상",1
"설경구","안내상",1
"박중훈","안내상",1
"이범수","안내상",1
"임창정","안내상",1
"박철민","안내상",1
"지대한","안내상",1
"오달수","안내상",1
"추귀정","안내상",1
"전국환","안내상",1
"신정근","안내상",1
"우현","안내상",1
"성지루","안내상",1
"정성화","안내상",1
"유해진","안내상",1
"박명신","안내상",1
"이문식","안내상",1
"박해일","안내상",1
"이대연","안내상",1
"손병호","안내상",1
"류현경","안내상",1
"변희봉","안내상",1
"이범수","조안",1
"최덕문","조안",1
"신하균","황정민-2",1
"백윤식","황정민-2",1
"김강우","황정민-2",1
"윤여정","황정민-2",1
"유순철","서영희",1
"배종옥","서영희",1
"임창정","서영희",1
"성동일","서영희",1
"지대한","서영희",1
"이용이","서영희",1
"권상우","서영희",1
"박효주","서영희",1
"박현영","서영희",1
"김유정","서영희",1
"손현주","서영희",1
"진용욱","서영희",1
"박희본","서영희",1
"이경영","진구",1
"조복래","진구",1
"한이진","진구",1
"김민재","진구",1
"이미도","진구",1
"윤제문","진구",1
"이경영","김민준",1
"이준혁","김민준",1
"김기주","길달호",1
"유성","길달호",1
"오희찬","길달호",1
"조학자","길달호",1
"이석구","길달호",1
"송금식","길달호",1
"정인철","길달호",1
"신성하","길달호",1
"이무정","길달호",1
"남포동","길달호",1
"송재호","고서희",1
"박노식","고서희",1
"지대한","고서희",1
"서진원","고서희",1
"박길수","고서희",1
"유승목","고서희",1
"김수현","고서희",1
"조한철","고서희",1
"최덕문","고서희",1
"봉태규","고서희",1
"변희봉","고서희",1
"배두나","김뢰하",1
"송강호","김뢰하",1
"이범수","김뢰하",1
"류승범","김뢰하",1
"허준석","김뢰하",1
"박원상","김뢰하",1
"김상호","김뢰하",1
"박노식","김뢰하",1
"김명민","김뢰하",1
"오달수","김뢰하",1
"우현","김뢰하",1
"이종혁","김뢰하",1
"김규리","김뢰하",1
"이성민","김뢰하",1
"손창민","김뢰하",1
"고수희","김뢰하",1
"전혜진","김뢰하",1
"박해일","김뢰하",1
"고아성","김뢰하",1
"변희봉","김뢰하",1
"오달수","이영훈",1
"배성우","한수연",1
"이환","한수연",1
"김의성","한수연",1
"박중훈","한수연",1
"김상호","한수연",1
"김민재","한수연",1
"남문철","한수연",1
"오정세","한수연",1
"최민금","김경익",1
"박길수","김경익",1
"박희순","김경익",1
"김재록","김경익",1
"김정팔","김경익",1
"정민성","김경익",1
"최덕문","김경익",1
"조영진","손병호",1
"설경구","손병호",1
"송강호","손병호",1
"박용수","손병호",1
"정우성","손병호",1
"박원상","손병호",1
"조덕현","손병호",1
"박철민","손병호",1
"정경호-1","손병호",1
"오달수","손병호",1
"권태원","손병호",1
"추귀정","손병호",1
"박길수","손병호",1
"조성하","손병호",1
"문소리","손병호",1
"공정환","손병호",1
"박명신","손병호",1
"김예령","손병호",1
"윤주상","손병호",1
"기주봉","손병호",1
"안내상","손병호",1
"박충선","손병호",1
"류승수","손병호",1
"이한위","손병호",1
"유승호","박충선",1
"박용우","박충선",1
"안석환","박충선",1
"이경영","박충선",1
"오지혜","박충선",1
"박해준","박충선",1
"최종원","박충선",1
"박철민","박충선",1
"민경진","박충선",1
"김정태","박충선",1
"조성하","박충선",1
"유해진","박충선",1
"최동준","박충선",1
"손병호","박충선",1
"홍석연","박충선",1
"송새벽","박충선",1
"오광록","박충선",1
"문성근","홍석연",1
"방은희","홍석연",1
"안석환","홍석연",1
"권해효","홍석연",1
"주상호","홍석연",1
"민경진","홍석연",1
"정인기","홍석연",1
"박충선","홍석연",1
"문정희","송새벽",1
"류승범","송새벽",1
"박철민","송새벽",1
"오달수","송새벽",1
"김민재","송새벽",1
"오정세","송새벽",1
"이성민","송새벽",1
"이미도","송새벽",1
"김성령","송새벽",1
"류승룡","송새벽",1
"박충선","송새벽",1
"류현경","송새벽",1
"조희봉","임현식",1
"주진모-2","임현식",1
"이한위","임현식",1
"조희봉","류승수",1
"김선화","류승수",1
"박신양","류승수",1
"송강호","류승수",1
"정진영","류승수",1
"천호진","류승수",1
"김수로","류승수",1
"윤진서","류승수",1
"오달수","류승수",1
"신정근","류승수",1
"이문식","류승수",1
"윤제문","류승수",1
"정규수","류승수",1
"류승룡","류승수",1
"손병호","류승수",1
"공호석","이한위",1
"김상중","이한위",1
"한석규","이한위",1
"신하균","이한위",1
"안성기","이한위",1
"이범수","이한위",1
"김지영","이한위",1
"조재현","이한위",1
"차승원","이한위",1
"하지원","이한위",1
"성동일","이한위",1
"차인표","이한위",1
"주진모-1","이한위",1
"김구택","이한위",1
"박정학","이한위",1
"김응수","이한위",1
"박노식","이한위",1
"박철민","이한위",1
"권태원","이한위",1
"박길수","이한위",1
"이주실","이한위",1
"안길강","이한위",1
"정재영","이한위",1
"이철민","이한위",1
"신현탁","이한위",1
"권상우","이한위",1
"김광규","이한위",1
"장영남","이한위",1
"성병숙","이한위",1
"정규수","이한위",1
"신구","이한위",1
"이대연","이한위",1
"류승룡","이한위",1
"이해영","이한위",1
"손병호","이한위",1
"임현식","이한위",1
"배성우","류현경",1
"유연석","류현경",1
"이승준","류현경",1
"류승범","류현경",1
"박정민","류현경",1
"공형진","류현경",1
"정재영","류현경",1
"오정세","류현경",1
"안내상","류현경",1
"송새벽","류현경",1
"이경영","김선영",1
"박철민","김선영",1
"강신철","이지훈",1
"김희원","이지훈",1
"이경영","이지훈",1
"김성균","이지훈",1
"김기천","이지훈",1
"박병은","이지훈",1
"장광","이지훈",1
"하정우","이지훈",1
"전혜진","이지훈",1
"김재화","이지훈",1
"최규환","이지훈",1
"남도형","홍범기",1
"김서영","홍범기",1
"엄상현","홍범기",1
"양정화","홍범기",1
"신용우","홍범기",1
"오달수","수애",1
"주현","수애",1
"정석용","수애",1
"조희봉","주현",1
"임창정","주현",1
"하지원","주현",1
"정경호-1","주현",1
"수애","주현",1
"정석용","주현",1
"조희봉","오광록",1
"황정민-1","오광록",1
"김수로","오광록",1
"이얼","오광록",1
"박원상","오광록",1
"권병길","오광록",1
"조성하","오광록",1
"박해일","오광록",1
"김중기","오광록",1
"박충선","오광록",1
"이봉규","오광록",1
"신현준","권오중",1
"조영진","엄태웅",1
"설경구","엄태웅",1
"강신일","엄태웅",1
"강성진","엄태웅",1
"김기천","엄태웅",1
"문소리","엄태웅",1
"이미도","엄태웅",1
"정규수","엄태웅",1
"정유미","엄태웅",1
"안성기","김명수",1
"이도경","김명수",1
"전미선","변희봉",1
"배두나","변희봉",1
"송강호","변희봉",1
"이범수","변희봉",1
"차승원","변희봉",1
"김수로","변희봉",1
"김응수","변희봉",1
"박노식","변희봉",1
"신정근","변희봉",1
"우현","변희봉",1
"이재구","변희봉",1
"임원희","변희봉",1
"유해진","변희봉",1
"김정은","변희봉",1
"고수희","변희봉",1
"윤제문","변희봉",1
"박해일","변희봉",1
"나문희","변희봉",1
"염정아","변희봉",1
"안내상","변희봉",1
"고서희","변희봉",1
"김뢰하","변희봉",1
"황정민-1","이봉규",1
"이얼","이봉규",1
"박원상","이봉규",1
"권해효","이봉규",1
"조은지","이봉규",1
"엄춘배","이봉규",1
"박해일","이봉규",1
"오광록","이봉규",1
"김해숙","유아인",1
"천호진","유아인",1
"박소담","유아인",1
"박수영","유아인",1
"박명신","유아인",1
"정유미","유아인",1
"황정민-1","전배수",1
"설경구","전배수",1
"강신일","전배수",1
"이승준","전배수",1
"김원해","전배수",1
"김래원","전배수",1
"김인권","전배수",1
"장동건","전배수",1
"정진영","전배수",1
"주진모-1","전배수",1
"정웅인","전배수",1
"장소연","전배수",1
"유승목","전배수",1
"정규수","전배수",1
"박해일","전배수",1
"성동일","김향기",1
"차태현","김향기",1
"박수영","김향기",1
"오달수","김향기",1
"장영남","김향기",1
"박혁권","김향기",1
"최귀화","라미란",1
"황정민-1","라미란",1
"설경구","라미란",1
"김희원","라미란",1
"배성우","라미란",1
"이설구","라미란",1
"조재현","라미란",1
"최민식","라미란",1
"박정민","라미란",1
"김상호","라미란",1
"오달수","라미란",1
"권태원","라미란",1
"김홍파","라미란",1
"손병욱","라미란",1
"문소리","라미란",1
"이준혁","라미란",1
"고창석","라미란",1
"김광규","라미란",1
"엄정화","라미란",1
"박병은","라미란",1
"오성태","라미란",1
"성병숙","라미란",1
"정규수","라미란",1
"유재명","라미란",1
"엄지성","정석용",1
"김의성","정석용",1
"신하균","정석용",1
"안성기","정석용",1
"정진영","정석용",1
"박소담","정석용",1
"차태현","정석용",1
"박철민","정석용",1
"이승훈","정석용",1
"오달수","정석용",1
"박희순","정석용",1
"신정근","정석용",1
"조은지","정석용",1
"유해진","정석용",1
"박명신","정석용",1
"진지희","정석용",1
"박영서","정석용",1
"정규수","정석용",1
"하정우","정석용",1
"선우선","정석용",1
"기주봉","정석용",1
"정유미","정석용",1
"수애","정석용",1
"주현","정석용",1
"조영진","이무생",1
"남도형","신용우",1
"김서영","신용우",1
"이장원","신용우",1
"엄상현","신용우",1
"양정화","신용우",1
"홍범기","신용우",1
"이다윗","고수",1
"배성우","고수",1
"한석규","고수",1
"박지일","고수",1
"허성태","고수",1
"마동석","고수",1
"정인기","고수",1
"박성웅","고수",1
"윤다경","고수",1
"서평석","문미봉",1
"김용건","문미봉",1
"문성근","문미봉",1
"배종옥","문미봉",1
"이대로","문미봉",1
"정보석","문미봉",1
"김인문","문미봉",1
"안진수","문미봉",1
"윤일주","문미봉",1
"오희찬","문미봉",1
"주상호","문미봉",1
"이인옥","문미봉",1
"김경란","문미봉",1
"조학자","문미봉",1
"이석구","문미봉",1
"박부양","문미봉",1
"남정희","문미봉",1
"나갑성","문미봉",1
"한명환","문미봉",1
"장정국","문미봉",1
"박동룡","문미봉",1
"홍충길","문미봉",1
"장동일","문미봉",1
"홍윤정","문미봉",1
"박예숙","문미봉",1
"박용팔","문미봉",1
"안병경","문미봉",1
